store,store_type,date,hour,passers,enters
零食店-长沙银杉路店,零食店,2026-03-27,0,51,0
零食店-长沙银杉路店,零食店,2026-03-27,1,18,0
零食店-长沙银杉路店,零食店,2026-03-27,2,22,0
零食店-长沙银杉路店,零食店,2026-03-27,3,9,0
零食店-长沙银杉路店,零食店,2026-03-27,4,6,0
零食店-长沙银杉路店,零食店,2026-03-27,5,8,0
零食店-长沙银杉路店,零食店,2026-03-27,6,72,0
零食店-长沙银杉路店,零食店,2026-03-27,7,446,14
零食店-长沙银杉路店,零食店,2026-03-27,8,758,27
零食店-长沙银杉路店,零食店,2026-03-27,9,459,35
零食店-长沙银杉路店,零食店,2026-03-27,10,356,18
零食店-长沙银杉路店,零食店,2026-03-27,11,414,20
零食店-长沙银杉路店,零食店,2026-03-27,12,472,18
零食店-长沙银杉路店,零食店,2026-03-27,13,475,21
零食店-长沙银杉路店,零食店,2026-03-27,14,325,27
零食店-长沙银杉路店,零食店,2026-03-27,15,369,32
零食店-长沙银杉路店,零食店,2026-03-27,16,498,34
零食店-长沙银杉路店,零食店,2026-03-27,17,917,62
零食店-长沙银杉路店,零食店,2026-03-27,18,1445,73
零食店-长沙银杉路店,零食店,2026-03-27,19,937,92
零食店-长沙银杉路店,零食店,2026-03-27,20,428,69
零食店-长沙银杉路店,零食店,2026-03-27,21,301,52
零食店-长沙银杉路店,零食店,2026-03-27,22,205,27
零食店-长沙银杉路店,零食店,2026-03-27,23,0,0
零食店-长沙银杉路店,零食店,2026-03-28,0,31,0
零食店-长沙银杉路店,零食店,2026-03-28,1,17,0
零食店-长沙银杉路店,零食店,2026-03-28,2,7,0
零食店-长沙银杉路店,零食店,2026-03-28,3,12,0
零食店-长沙银杉路店,零食店,2026-03-28,4,3,0
零食店-长沙银杉路店,零食店,2026-03-28,5,2,0
零食店-长沙银杉路店,零食店,2026-03-28,6,42,0
零食店-长沙银杉路店,零食店,2026-03-28,7,125,5
零食店-长沙银杉路店,零食店,2026-03-28,8,226,16
零食店-长沙银杉路店,零食店,2026-03-28,9,255,20
零食店-长沙银杉路店,零食店,2026-03-28,10,272,33
零食店-长沙银杉路店,零食店,2026-03-28,11,287,20
零食店-长沙银杉路店,零食店,2026-03-28,12,449,39
零食店-长沙银杉路店,零食店,2026-03-28,13,547,35
零食店-长沙银杉路店,零食店,2026-03-28,14,609,61
零食店-长沙银杉路店,零食店,2026-03-28,15,647,57
零食店-长沙银杉路店,零食店,2026-03-28,16,832,51
零食店-长沙银杉路店,零食店,2026-03-28,17,882,91
零食店-长沙银杉路店,零食店,2026-03-28,18,995,58
零食店-长沙银杉路店,零食店,2026-03-28,19,972,96
零食店-长沙银杉路店,零食店,2026-03-28,20,772,72
零食店-长沙银杉路店,零食店,2026-03-28,21,575,88
零食店-长沙银杉路店,零食店,2026-03-28,22,328,48
零食店-长沙银杉路店,零食店,2026-03-28,23,0,0
零食店-长沙银杉路店,零食店,2026-03-29,0,32,0
零食店-长沙银杉路店,零食店,2026-03-29,1,15,0
零食店-长沙银杉路店,零食店,2026-03-29,2,13,0
零食店-长沙银杉路店,零食店,2026-03-29,3,6,0
零食店-长沙银杉路店,零食店,2026-03-29,4,3,0
零食店-长沙银杉路店,零食店,2026-03-29,5,3,0
零食店-长沙银杉路店,零食店,2026-03-29,6,40,0
零食店-长沙银杉路店,零食店,2026-03-29,7,168,4
零食店-长沙银杉路店,零食店,2026-03-29,8,306,18
零食店-长沙银杉路店,零食店,2026-03-29,9,224,22
零食店-长沙银杉路店,零食店,2026-03-29,10,244,19
零食店-长沙银杉路店,零食店,2026-03-29,11,352,34
零食店-长沙银杉路店,零食店,2026-03-29,12,347,34
零食店-长沙银杉路店,零食店,2026-03-29,13,423,27
零食店-长沙银杉路店,零食店,2026-03-29,14,491,50
零食店-长沙银杉路店,零食店,2026-03-29,15,619,58
零食店-长沙银杉路店,零食店,2026-03-29,16,634,59
零食店-长沙银杉路店,零食店,2026-03-29,17,704,92
零食店-长沙银杉路店,零食店,2026-03-29,18,666,63
零食店-长沙银杉路店,零食店,2026-03-29,19,489,53
零食店-长沙银杉路店,零食店,2026-03-29,20,322,51
零食店-长沙银杉路店,零食店,2026-03-29,21,298,34
零食店-长沙银杉路店,零食店,2026-03-29,22,151,33
零食店-长沙银杉路店,零食店,2026-03-29,23,0,0
零食店-长沙银杉路店,零食店,2026-03-30,0,20,0
零食店-长沙银杉路店,零食店,2026-03-30,1,13,0
零食店-长沙银杉路店,零食店,2026-03-30,2,6,0
零食店-长沙银杉路店,零食店,2026-03-30,3,7,0
零食店-长沙银杉路店,零食店,2026-03-30,4,0,0
零食店-长沙银杉路店,零食店,2026-03-30,5,5,0
零食店-长沙银杉路店,零食店,2026-03-30,6,77,0
零食店-长沙银杉路店,零食店,2026-03-30,7,362,6
零食店-长沙银杉路店,零食店,2026-03-30,8,472,19
零食店-长沙银杉路店,零食店,2026-03-30,9,194,15
零食店-长沙银杉路店,零食店,2026-03-30,10,198,16
零食店-长沙银杉路店,零食店,2026-03-30,11,280,18
零食店-长沙银杉路店,零食店,2026-03-30,12,409,28
零食店-长沙银杉路店,零食店,2026-03-30,13,427,3
零食店-长沙银杉路店,零食店,2026-03-30,14,380,13
零食店-长沙银杉路店,零食店,2026-03-30,15,467,14
零食店-长沙银杉路店,零食店,2026-03-30,16,468,11
零食店-长沙银杉路店,零食店,2026-03-30,17,704,29
零食店-长沙银杉路店,零食店,2026-03-30,18,1232,74
零食店-长沙银杉路店,零食店,2026-03-30,19,1053,87
零食店-长沙银杉路店,零食店,2026-03-30,20,711,71
零食店-长沙银杉路店,零食店,2026-03-30,21,455,57
零食店-长沙银杉路店,零食店,2026-03-30,22,222,27
零食店-长沙银杉路店,零食店,2026-03-30,23,0,0
零食店-长沙银杉路店,零食店,2026-03-31,0,26,0
零食店-长沙银杉路店,零食店,2026-03-31,1,12,0
零食店-长沙银杉路店,零食店,2026-03-31,2,9,0
零食店-长沙银杉路店,零食店,2026-03-31,3,7,0
零食店-长沙银杉路店,零食店,2026-03-31,4,4,0
零食店-长沙银杉路店,零食店,2026-03-31,5,3,0
零食店-长沙银杉路店,零食店,2026-03-31,6,51,0
零食店-长沙银杉路店,零食店,2026-03-31,7,213,0
零食店-长沙银杉路店,零食店,2026-03-31,8,272,8
零食店-长沙银杉路店,零食店,2026-03-31,9,133,9
零食店-长沙银杉路店,零食店,2026-03-31,10,108,17
零食店-长沙银杉路店,零食店,2026-03-31,11,135,15
零食店-长沙银杉路店,零食店,2026-03-31,12,262,25
零食店-长沙银杉路店,零食店,2026-03-31,13,348,16
零食店-长沙银杉路店,零食店,2026-03-31,14,337,17
零食店-长沙银杉路店,零食店,2026-03-31,15,382,27
零食店-长沙银杉路店,零食店,2026-03-31,16,503,26
零食店-长沙银杉路店,零食店,2026-03-31,17,715,59
零食店-长沙银杉路店,零食店,2026-03-31,18,1183,56
零食店-长沙银杉路店,零食店,2026-03-31,19,1014,114
零食店-长沙银杉路店,零食店,2026-03-31,20,837,114
零食店-长沙银杉路店,零食店,2026-03-31,21,465,53
零食店-长沙银杉路店,零食店,2026-03-31,22,252,34
零食店-长沙银杉路店,零食店,2026-03-31,23,0,0
零食店-长沙银杉路店,零食店,2026-04-01,0,37,0
零食店-长沙银杉路店,零食店,2026-04-01,1,12,0
零食店-长沙银杉路店,零食店,2026-04-01,2,13,0
零食店-长沙银杉路店,零食店,2026-04-01,3,16,0
零食店-长沙银杉路店,零食店,2026-04-01,4,2,0
零食店-长沙银杉路店,零食店,2026-04-01,5,6,0
零食店-长沙银杉路店,零食店,2026-04-01,6,121,0
零食店-长沙银杉路店,零食店,2026-04-01,7,534,9
零食店-长沙银杉路店,零食店,2026-04-01,8,797,20
零食店-长沙银杉路店,零食店,2026-04-01,9,482,32
零食店-长沙银杉路店,零食店,2026-04-01,10,351,15
零食店-长沙银杉路店,零食店,2026-04-01,11,436,34
零食店-长沙银杉路店,零食店,2026-04-01,12,555,34
零食店-长沙银杉路店,零食店,2026-04-01,13,578,31
零食店-长沙银杉路店,零食店,2026-04-01,14,503,37
零食店-长沙银杉路店,零食店,2026-04-01,15,478,1
零食店-长沙银杉路店,零食店,2026-04-01,16,597,28
零食店-长沙银杉路店,零食店,2026-04-01,17,775,50
零食店-长沙银杉路店,零食店,2026-04-01,18,1249,79
零食店-长沙银杉路店,零食店,2026-04-01,19,1098,74
零食店-长沙银杉路店,零食店,2026-04-01,20,943,60
零食店-长沙银杉路店,零食店,2026-04-01,21,542,47
零食店-长沙银杉路店,零食店,2026-04-01,22,292,46
零食店-长沙银杉路店,零食店,2026-04-01,23,0,0
零食店-长沙银杉路店,零食店,2026-04-02,0,65,0
零食店-长沙银杉路店,零食店,2026-04-02,1,27,0
零食店-长沙银杉路店,零食店,2026-04-02,2,8,0
零食店-长沙银杉路店,零食店,2026-04-02,3,18,0
零食店-长沙银杉路店,零食店,2026-04-02,4,7,0
零食店-长沙银杉路店,零食店,2026-04-02,5,11,0
零食店-长沙银杉路店,零食店,2026-04-02,6,90,0
零食店-长沙银杉路店,零食店,2026-04-02,7,350,5
零食店-长沙银杉路店,零食店,2026-04-02,8,402,16
零食店-长沙银杉路店,零食店,2026-04-02,9,213,13
零食店-长沙银杉路店,零食店,2026-04-02,10,125,7
零食店-长沙银杉路店,零食店,2026-04-02,11,146,14
零食店-长沙银杉路店,零食店,2026-04-02,12,211,17
零食店-长沙银杉路店,零食店,2026-04-02,13,312,26
零食店-长沙银杉路店,零食店,2026-04-02,14,240,19
零食店-长沙银杉路店,零食店,2026-04-02,15,271,21
零食店-长沙银杉路店,零食店,2026-04-02,16,412,26
零食店-长沙银杉路店,零食店,2026-04-02,17,711,67
零食店-长沙银杉路店,零食店,2026-04-02,18,1125,69
零食店-长沙银杉路店,零食店,2026-04-02,19,798,87
零食店-长沙银杉路店,零食店,2026-04-02,20,492,48
零食店-长沙银杉路店,零食店,2026-04-02,21,346,46
零食店-长沙银杉路店,零食店,2026-04-02,22,204,35
零食店-长沙银杉路店,零食店,2026-04-02,23,0,0
零食店-长沙银杉路店,零食店,2026-04-03,0,46,0
零食店-长沙银杉路店,零食店,2026-04-03,1,22,0
零食店-长沙银杉路店,零食店,2026-04-03,2,32,0
零食店-长沙银杉路店,零食店,2026-04-03,3,8,0
零食店-长沙银杉路店,零食店,2026-04-03,4,15,0
零食店-长沙银杉路店,零食店,2026-04-03,5,4,0
零食店-长沙银杉路店,零食店,2026-04-03,6,65,0
零食店-长沙银杉路店,零食店,2026-04-03,7,215,3
零食店-长沙银杉路店,零食店,2026-04-03,8,269,12
零食店-长沙银杉路店,零食店,2026-04-03,9,147,17
零食店-长沙银杉路店,零食店,2026-04-03,10,201,15
零食店-长沙银杉路店,零食店,2026-04-03,11,264,12
零食店-长沙银杉路店,零食店,2026-04-03,12,360,30
零食店-长沙银杉路店,零食店,2026-04-03,13,435,28
零食店-长沙银杉路店,零食店,2026-04-03,14,466,12
零食店-长沙银杉路店,零食店,2026-04-03,15,671,49
零食店-长沙银杉路店,零食店,2026-04-03,16,932,67
零食店-长沙银杉路店,零食店,2026-04-03,17,1285,59
零食店-长沙银杉路店,零食店,2026-04-03,18,1968,117
零食店-长沙银杉路店,零食店,2026-04-03,19,1556,152
零食店-长沙银杉路店,零食店,2026-04-03,20,1236,136
零食店-长沙银杉路店,零食店,2026-04-03,21,760,100
零食店-长沙银杉路店,零食店,2026-04-03,22,404,56
零食店-长沙银杉路店,零食店,2026-04-03,23,0,0
零食店-长沙银杉路店,零食店,2026-04-04,0,110,1
零食店-长沙银杉路店,零食店,2026-04-04,1,46,0
零食店-长沙银杉路店,零食店,2026-04-04,2,28,0
零食店-长沙银杉路店,零食店,2026-04-04,3,16,0
零食店-长沙银杉路店,零食店,2026-04-04,4,15,0
零食店-长沙银杉路店,零食店,2026-04-04,5,14,0
零食店-长沙银杉路店,零食店,2026-04-04,6,78,0
零食店-长沙银杉路店,零食店,2026-04-04,7,241,12
零食店-长沙银杉路店,零食店,2026-04-04,8,429,33
零食店-长沙银杉路店,零食店,2026-04-04,9,577,69
零食店-长沙银杉路店,零食店,2026-04-04,10,767,114
零食店-长沙银杉路店,零食店,2026-04-04,11,614,60
零食店-长沙银杉路店,零食店,2026-04-04,12,803,71
零食店-长沙银杉路店,零食店,2026-04-04,13,978,100
零食店-长沙银杉路店,零食店,2026-04-04,14,975,101
零食店-长沙银杉路店,零食店,2026-04-04,15,960,87
零食店-长沙银杉路店,零食店,2026-04-04,16,964,61
零食店-长沙银杉路店,零食店,2026-04-04,17,886,64
零食店-长沙银杉路店,零食店,2026-04-04,18,1047,80
零食店-长沙银杉路店,零食店,2026-04-04,19,1149,66
零食店-长沙银杉路店,零食店,2026-04-04,20,1002,74
零食店-长沙银杉路店,零食店,2026-04-04,21,777,64
零食店-长沙银杉路店,零食店,2026-04-04,22,514,64
零食店-长沙银杉路店,零食店,2026-04-04,23,0,0
零食店-长沙银杉路店,零食店,2026-04-05,0,82,0
零食店-长沙银杉路店,零食店,2026-04-05,1,57,0
零食店-长沙银杉路店,零食店,2026-04-05,2,24,0
零食店-长沙银杉路店,零食店,2026-04-05,3,22,0
零食店-长沙银杉路店,零食店,2026-04-05,4,11,0
零食店-长沙银杉路店,零食店,2026-04-05,5,10,0
零食店-长沙银杉路店,零食店,2026-04-05,6,62,0
零食店-长沙银杉路店,零食店,2026-04-05,7,135,17
零食店-长沙银杉路店,零食店,2026-04-05,8,284,19
零食店-长沙银杉路店,零食店,2026-04-05,9,302,30
零食店-长沙银杉路店,零食店,2026-04-05,10,426,48
零食店-长沙银杉路店,零食店,2026-04-05,11,439,52
零食店-长沙银杉路店,零食店,2026-04-05,12,492,43
零食店-长沙银杉路店,零食店,2026-04-05,13,690,63
零食店-长沙银杉路店,零食店,2026-04-05,14,645,35
零食店-长沙银杉路店,零食店,2026-04-05,15,574,42
零食店-长沙银杉路店,零食店,2026-04-05,16,579,40
零食店-长沙银杉路店,零食店,2026-04-05,17,560,29
零食店-长沙银杉路店,零食店,2026-04-05,18,250,0
零食店-长沙银杉路店,零食店,2026-04-05,19,362,32
零食店-长沙银杉路店,零食店,2026-04-05,20,230,45
零食店-长沙银杉路店,零食店,2026-04-05,21,276,38
零食店-长沙银杉路店,零食店,2026-04-05,22,217,24
零食店-长沙银杉路店,零食店,2026-04-05,23,0,0
零食店-长沙银杉路店,零食店,2026-04-06,0,59,0
零食店-长沙银杉路店,零食店,2026-04-06,1,15,0
零食店-长沙银杉路店,零食店,2026-04-06,2,14,0
零食店-长沙银杉路店,零食店,2026-04-06,3,19,0
零食店-长沙银杉路店,零食店,2026-04-06,4,4,0
零食店-长沙银杉路店,零食店,2026-04-06,5,14,0
零食店-长沙银杉路店,零食店,2026-04-06,6,50,0
零食店-长沙银杉路店,零食店,2026-04-06,7,177,0
零食店-长沙银杉路店,零食店,2026-04-06,8,310,14
零食店-长沙银杉路店,零食店,2026-04-06,9,393,36
零食店-长沙银杉路店,零食店,2026-04-06,10,366,45
零食店-长沙银杉路店,零食店,2026-04-06,11,310,24
零食店-长沙银杉路店,零食店,2026-04-06,12,373,41
零食店-长沙银杉路店,零食店,2026-04-06,13,374,49
零食店-长沙银杉路店,零食店,2026-04-06,14,544,76
零食店-长沙银杉路店,零食店,2026-04-06,15,660,67
零食店-长沙银杉路店,零食店,2026-04-06,16,592,76
零食店-长沙银杉路店,零食店,2026-04-06,17,574,73
零食店-长沙银杉路店,零食店,2026-04-06,18,531,65
零食店-长沙银杉路店,零食店,2026-04-06,19,468,82
零食店-长沙银杉路店,零食店,2026-04-06,20,302,71
零食店-长沙银杉路店,零食店,2026-04-06,21,240,50
零食店-长沙银杉路店,零食店,2026-04-06,22,204,28
零食店-长沙银杉路店,零食店,2026-04-06,23,100,4
零食店-长沙银杉路店,零食店,2026-04-07,0,41,0
零食店-长沙银杉路店,零食店,2026-04-07,1,32,0
零食店-长沙银杉路店,零食店,2026-04-07,2,11,0
零食店-长沙银杉路店,零食店,2026-04-07,3,8,0
零食店-长沙银杉路店,零食店,2026-04-07,4,17,0
零食店-长沙银杉路店,零食店,2026-04-07,5,8,0
零食店-长沙银杉路店,零食店,2026-04-07,6,70,0
零食店-长沙银杉路店,零食店,2026-04-07,7,478,8
零食店-长沙银杉路店,零食店,2026-04-07,8,805,26
零食店-长沙银杉路店,零食店,2026-04-07,9,376,17
零食店-长沙银杉路店,零食店,2026-04-07,10,422,18
零食店-长沙银杉路店,零食店,2026-04-07,11,386,25
零食店-长沙银杉路店,零食店,2026-04-07,12,442,30
零食店-长沙银杉路店,零食店,2026-04-07,13,357,21
零食店-长沙银杉路店,零食店,2026-04-07,14,298,24
零食店-长沙银杉路店,零食店,2026-04-07,15,439,28
零食店-长沙银杉路店,零食店,2026-04-07,16,582,23
零食店-长沙银杉路店,零食店,2026-04-07,17,714,42
零食店-长沙银杉路店,零食店,2026-04-07,18,1300,60
零食店-长沙银杉路店,零食店,2026-04-07,19,1156,75
零食店-长沙银杉路店,零食店,2026-04-07,20,773,63
零食店-长沙银杉路店,零食店,2026-04-07,21,409,48
零食店-长沙银杉路店,零食店,2026-04-07,22,209,34
零食店-长沙银杉路店,零食店,2026-04-07,23,0,0
零食店-长沙银杉路店,零食店,2026-04-08,0,38,0
零食店-长沙银杉路店,零食店,2026-04-08,1,14,0
零食店-长沙银杉路店,零食店,2026-04-08,2,13,0
零食店-长沙银杉路店,零食店,2026-04-08,3,5,0
零食店-长沙银杉路店,零食店,2026-04-08,4,4,0
零食店-长沙银杉路店,零食店,2026-04-08,5,11,0
零食店-长沙银杉路店,零食店,2026-04-08,6,85,0
零食店-长沙银杉路店,零食店,2026-04-08,7,428,10
零食店-长沙银杉路店,零食店,2026-04-08,8,785,32
零食店-长沙银杉路店,零食店,2026-04-08,9,437,21
零食店-长沙银杉路店,零食店,2026-04-08,10,397,25
零食店-长沙银杉路店,零食店,2026-04-08,11,386,19
零食店-长沙银杉路店,零食店,2026-04-08,12,457,39
零食店-长沙银杉路店,零食店,2026-04-08,13,454,39
零食店-长沙银杉路店,零食店,2026-04-08,14,436,32
零食店-长沙银杉路店,零食店,2026-04-08,15,444,26
零食店-长沙银杉路店,零食店,2026-04-08,16,572,41
零食店-长沙银杉路店,零食店,2026-04-08,17,773,35
零食店-长沙银杉路店,零食店,2026-04-08,18,1222,65
零食店-长沙银杉路店,零食店,2026-04-08,19,1274,81
零食店-长沙银杉路店,零食店,2026-04-08,20,902,48
零食店-长沙银杉路店,零食店,2026-04-08,21,606,45
零食店-长沙银杉路店,零食店,2026-04-08,22,237,44
零食店-长沙银杉路店,零食店,2026-04-08,23,0,0
零食店-长沙银杉路店,零食店,2026-04-09,0,38,1
零食店-长沙银杉路店,零食店,2026-04-09,1,49,0
零食店-长沙银杉路店,零食店,2026-04-09,2,13,0
零食店-长沙银杉路店,零食店,2026-04-09,3,14,0
零食店-长沙银杉路店,零食店,2026-04-09,4,14,0
零食店-长沙银杉路店,零食店,2026-04-09,5,8,0
零食店-长沙银杉路店,零食店,2026-04-09,6,93,0
零食店-长沙银杉路店,零食店,2026-04-09,7,419,13
零食店-长沙银杉路店,零食店,2026-04-09,8,815,21
零食店-长沙银杉路店,零食店,2026-04-09,9,532,12
零食店-长沙银杉路店,零食店,2026-04-09,10,446,27
零食店-长沙银杉路店,零食店,2026-04-09,11,349,21
零食店-长沙银杉路店,零食店,2026-04-09,12,481,27
零食店-长沙银杉路店,零食店,2026-04-09,13,377,13
零食店-长沙银杉路店,零食店,2026-04-09,14,404,2
零食店-长沙银杉路店,零食店,2026-04-09,15,397,4
零食店-长沙银杉路店,零食店,2026-04-09,16,550,27
零食店-长沙银杉路店,零食店,2026-04-09,17,803,46
零食店-长沙银杉路店,零食店,2026-04-09,18,804,35
零食店-长沙银杉路店,零食店,2026-04-09,19,787,53
零食店-长沙银杉路店,零食店,2026-04-09,20,498,39
零食店-长沙银杉路店,零食店,2026-04-09,21,197,16
零食店-长沙银杉路店,零食店,2026-04-09,22,76,7
零食店-长沙银杉路店,零食店,2026-04-09,23,0,0
零食店-长沙银杉路店,零食店,2026-04-10,0,45,0
零食店-长沙银杉路店,零食店,2026-04-10,1,26,0
零食店-长沙银杉路店,零食店,2026-04-10,2,30,0
零食店-长沙银杉路店,零食店,2026-04-10,3,27,0
零食店-长沙银杉路店,零食店,2026-04-10,4,18,0
零食店-长沙银杉路店,零食店,2026-04-10,5,15,0
零食店-长沙银杉路店,零食店,2026-04-10,6,103,0
零食店-长沙银杉路店,零食店,2026-04-10,7,487,15
零食店-长沙银杉路店,零食店,2026-04-10,8,736,26
零食店-长沙银杉路店,零食店,2026-04-10,9,451,27
零食店-长沙银杉路店,零食店,2026-04-10,10,371,34
零食店-长沙银杉路店,零食店,2026-04-10,11,281,11
零食店-长沙银杉路店,零食店,2026-04-10,12,230,15
零食店-长沙银杉路店,零食店,2026-04-10,13,315,17
零食店-长沙银杉路店,零食店,2026-04-10,14,360,27
零食店-长沙银杉路店,零食店,2026-04-10,15,501,35
零食店-长沙银杉路店,零食店,2026-04-10,16,667,53
零食店-长沙银杉路店,零食店,2026-04-10,17,968,78
零食店-长沙银杉路店,零食店,2026-04-10,18,1392,86
零食店-长沙银杉路店,零食店,2026-04-10,19,864,74
零食店-长沙银杉路店,零食店,2026-04-10,20,754,74
零食店-长沙银杉路店,零食店,2026-04-10,21,211,36
零食店-长沙银杉路店,零食店,2026-04-10,22,115,18
零食店-长沙银杉路店,零食店,2026-04-10,23,0,0
零食店-长沙银杉路店,零食店,2026-04-11,0,45,0
零食店-长沙银杉路店,零食店,2026-04-11,1,28,0
零食店-长沙银杉路店,零食店,2026-04-11,2,7,0
零食店-长沙银杉路店,零食店,2026-04-11,3,12,0
零食店-长沙银杉路店,零食店,2026-04-11,4,3,0
零食店-长沙银杉路店,零食店,2026-04-11,5,17,0
零食店-长沙银杉路店,零食店,2026-04-11,6,56,0
零食店-长沙银杉路店,零食店,2026-04-11,7,244,2
零食店-长沙银杉路店,零食店,2026-04-11,8,424,28
零食店-长沙银杉路店,零食店,2026-04-11,9,432,32
零食店-长沙银杉路店,零食店,2026-04-11,10,517,39
零食店-长沙银杉路店,零食店,2026-04-11,11,488,34
零食店-长沙银杉路店,零食店,2026-04-11,12,574,40
零食店-长沙银杉路店,零食店,2026-04-11,13,541,50
零食店-长沙银杉路店,零食店,2026-04-11,14,693,61
零食店-长沙银杉路店,零食店,2026-04-11,15,383,34
零食店-长沙银杉路店,零食店,2026-04-11,16,549,42
零食店-长沙银杉路店,零食店,2026-04-11,17,771,57
零食店-长沙银杉路店,零食店,2026-04-11,18,1020,73
零食店-长沙银杉路店,零食店,2026-04-11,19,905,78
零食店-长沙银杉路店,零食店,2026-04-11,20,769,71
零食店-长沙银杉路店,零食店,2026-04-11,21,612,76
零食店-长沙银杉路店,零食店,2026-04-11,22,390,50
零食店-长沙银杉路店,零食店,2026-04-11,23,0,0
零食店-长沙银杉路店,零食店,2026-04-12,0,61,0
零食店-长沙银杉路店,零食店,2026-04-12,1,46,0
零食店-长沙银杉路店,零食店,2026-04-12,2,12,0
零食店-长沙银杉路店,零食店,2026-04-12,3,13,0
零食店-长沙银杉路店,零食店,2026-04-12,4,11,0
零食店-长沙银杉路店,零食店,2026-04-12,5,14,0
零食店-长沙银杉路店,零食店,2026-04-12,6,50,0
零食店-长沙银杉路店,零食店,2026-04-12,7,110,2
零食店-长沙银杉路店,零食店,2026-04-12,8,275,20
零食店-长沙银杉路店,零食店,2026-04-12,9,365,22
零食店-长沙银杉路店,零食店,2026-04-12,10,505,43
零食店-长沙银杉路店,零食店,2026-04-12,11,467,28
零食店-长沙银杉路店,零食店,2026-04-12,12,515,49
零食店-长沙银杉路店,零食店,2026-04-12,13,638,39
零食店-长沙银杉路店,零食店,2026-04-12,14,788,95
零食店-长沙银杉路店,零食店,2026-04-12,15,843,79
零食店-长沙银杉路店,零食店,2026-04-12,16,1053,106
零食店-长沙银杉路店,零食店,2026-04-12,17,861,67
零食店-长沙银杉路店,零食店,2026-04-12,18,835,59
零食店-长沙银杉路店,零食店,2026-04-12,19,779,79
零食店-长沙银杉路店,零食店,2026-04-12,20,741,83
零食店-长沙银杉路店,零食店,2026-04-12,21,410,55
零食店-长沙银杉路店,零食店,2026-04-12,22,301,45
零食店-长沙银杉路店,零食店,2026-04-12,23,0,0
零食店-长沙银杉路店,零食店,2026-04-13,0,66,0
零食店-长沙银杉路店,零食店,2026-04-13,1,26,0
零食店-长沙银杉路店,零食店,2026-04-13,2,22,0
零食店-长沙银杉路店,零食店,2026-04-13,3,7,0
零食店-长沙银杉路店,零食店,2026-04-13,4,12,0
零食店-长沙银杉路店,零食店,2026-04-13,5,16,0
零食店-长沙银杉路店,零食店,2026-04-13,6,117,0
零食店-长沙银杉路店,零食店,2026-04-13,7,525,9
零食店-长沙银杉路店,零食店,2026-04-13,8,632,20
零食店-长沙银杉路店,零食店,2026-04-13,9,197,16
零食店-长沙银杉路店,零食店,2026-04-13,10,267,18
零食店-长沙银杉路店,零食店,2026-04-13,11,371,21
零食店-长沙银杉路店,零食店,2026-04-13,12,411,21
零食店-长沙银杉路店,零食店,2026-04-13,13,242,14
零食店-长沙银杉路店,零食店,2026-04-13,14,272,0
零食店-长沙银杉路店,零食店,2026-04-13,15,344,12
零食店-长沙银杉路店,零食店,2026-04-13,16,357,31
零食店-长沙银杉路店,零食店,2026-04-13,17,497,26
零食店-长沙银杉路店,零食店,2026-04-13,18,1024,83
零食店-长沙银杉路店,零食店,2026-04-13,19,880,69
零食店-长沙银杉路店,零食店,2026-04-13,20,629,63
零食店-长沙银杉路店,零食店,2026-04-13,21,406,38
零食店-长沙银杉路店,零食店,2026-04-13,22,214,19
零食店-长沙银杉路店,零食店,2026-04-13,23,0,0
零食店-长沙银杉路店,零食店,2026-04-14,0,34,0
零食店-长沙银杉路店,零食店,2026-04-14,1,19,0
零食店-长沙银杉路店,零食店,2026-04-14,2,11,0
零食店-长沙银杉路店,零食店,2026-04-14,3,4,0
零食店-长沙银杉路店,零食店,2026-04-14,4,7,0
零食店-长沙银杉路店,零食店,2026-04-14,5,18,0
零食店-长沙银杉路店,零食店,2026-04-14,6,73,0
零食店-长沙银杉路店,零食店,2026-04-14,7,454,4
零食店-长沙银杉路店,零食店,2026-04-14,8,671,23
零食店-长沙银杉路店,零食店,2026-04-14,9,181,4
零食店-长沙银杉路店,零食店,2026-04-14,10,189,7
零食店-长沙银杉路店,零食店,2026-04-14,11,188,11
零食店-长沙银杉路店,零食店,2026-04-14,12,379,35
零食店-长沙银杉路店,零食店,2026-04-14,13,171,8
零食店-长沙银杉路店,零食店,2026-04-14,14,271,19
零食店-长沙银杉路店,零食店,2026-04-14,15,401,37
零食店-长沙银杉路店,零食店,2026-04-14,16,457,30
零食店-长沙银杉路店,零食店,2026-04-14,17,654,46
零食店-长沙银杉路店,零食店,2026-04-14,18,970,64
零食店-长沙银杉路店,零食店,2026-04-14,19,741,80
零食店-长沙银杉路店,零食店,2026-04-14,20,603,77
零食店-长沙银杉路店,零食店,2026-04-14,21,388,46
零食店-长沙银杉路店,零食店,2026-04-14,22,202,24
零食店-长沙银杉路店,零食店,2026-04-14,23,0,0
零食店-长沙银杉路店,零食店,2026-04-15,0,47,0
零食店-长沙银杉路店,零食店,2026-04-15,1,32,0
零食店-长沙银杉路店,零食店,2026-04-15,2,29,0
零食店-长沙银杉路店,零食店,2026-04-15,3,11,0
零食店-长沙银杉路店,零食店,2026-04-15,4,11,0
零食店-长沙银杉路店,零食店,2026-04-15,5,16,0
零食店-长沙银杉路店,零食店,2026-04-15,6,85,0
零食店-长沙银杉路店,零食店,2026-04-15,7,315,5
零食店-长沙银杉路店,零食店,2026-04-15,8,439,27
零食店-长沙银杉路店,零食店,2026-04-15,9,178,11
零食店-长沙银杉路店,零食店,2026-04-15,10,204,24
零食店-长沙银杉路店,零食店,2026-04-15,11,281,11
零食店-长沙银杉路店,零食店,2026-04-15,12,241,24
零食店-长沙银杉路店,零食店,2026-04-15,13,288,1
零食店-长沙银杉路店,零食店,2026-04-15,14,343,6
零食店-长沙银杉路店,零食店,2026-04-15,15,377,1
零食店-长沙银杉路店,零食店,2026-04-15,16,482,38
零食店-长沙银杉路店,零食店,2026-04-15,17,416,36
零食店-长沙银杉路店,零食店,2026-04-15,18,795,76
零食店-长沙银杉路店,零食店,2026-04-15,19,821,61
零食店-长沙银杉路店,零食店,2026-04-15,20,458,68
零食店-长沙银杉路店,零食店,2026-04-15,21,336,47
零食店-长沙银杉路店,零食店,2026-04-15,22,216,32
零食店-长沙银杉路店,零食店,2026-04-15,23,0,0
零食店-长沙银杉路店,零食店,2026-04-16,0,43,0
零食店-长沙银杉路店,零食店,2026-04-16,1,36,0
零食店-长沙银杉路店,零食店,2026-04-16,2,16,0
零食店-长沙银杉路店,零食店,2026-04-16,3,5,0
零食店-长沙银杉路店,零食店,2026-04-16,4,11,0
零食店-长沙银杉路店,零食店,2026-04-16,5,3,0
零食店-长沙银杉路店,零食店,2026-04-16,6,42,0
零食店-长沙银杉路店,零食店,2026-04-16,7,257,7
零食店-长沙银杉路店,零食店,2026-04-16,8,674,24
零食店-长沙银杉路店,零食店,2026-04-16,9,503,23
零食店-长沙银杉路店,零食店,2026-04-16,10,467,28
零食店-长沙银杉路店,零食店,2026-04-16,11,384,18
零食店-长沙银杉路店,零食店,2026-04-16,12,469,21
零食店-长沙银杉路店,零食店,2026-04-16,13,487,26
零食店-长沙银杉路店,零食店,2026-04-16,14,383,20
零食店-长沙银杉路店,零食店,2026-04-16,15,476,35
零食店-长沙银杉路店,零食店,2026-04-16,16,590,47
零食店-长沙银杉路店,零食店,2026-04-16,17,871,51
零食店-长沙银杉路店,零食店,2026-04-16,18,1277,64
零食店-长沙银杉路店,零食店,2026-04-16,19,1168,74
零食店-长沙银杉路店,零食店,2026-04-16,20,704,83
零食店-长沙银杉路店,零食店,2026-04-16,21,450,45
零食店-长沙银杉路店,零食店,2026-04-16,22,250,27
零食店-长沙银杉路店,零食店,2026-04-16,23,0,0
零食店-长沙银杉路店,零食店,2026-04-17,0,59,1
零食店-长沙银杉路店,零食店,2026-04-17,1,30,0
零食店-长沙银杉路店,零食店,2026-04-17,2,20,0
零食店-长沙银杉路店,零食店,2026-04-17,3,13,0
零食店-长沙银杉路店,零食店,2026-04-17,4,9,0
零食店-长沙银杉路店,零食店,2026-04-17,5,17,0
零食店-长沙银杉路店,零食店,2026-04-17,6,85,0
零食店-长沙银杉路店,零食店,2026-04-17,7,492,7
零食店-长沙银杉路店,零食店,2026-04-17,8,805,37
零食店-长沙银杉路店,零食店,2026-04-17,9,512,17
零食店-长沙银杉路店,零食店,2026-04-17,10,413,18
零食店-长沙银杉路店,零食店,2026-04-17,11,446,24
零食店-长沙银杉路店,零食店,2026-04-17,12,609,39
零食店-长沙银杉路店,零食店,2026-04-17,13,547,27
零食店-长沙银杉路店,零食店,2026-04-17,14,474,20
零食店-长沙银杉路店,零食店,2026-04-17,15,598,0
零食店-长沙银杉路店,零食店,2026-04-17,16,779,13
零食店-长沙银杉路店,零食店,2026-04-17,17,1057,79
零食店-长沙银杉路店,零食店,2026-04-17,18,1629,89
零食店-长沙银杉路店,零食店,2026-04-17,19,1466,98
零食店-长沙银杉路店,零食店,2026-04-17,20,1145,115
零食店-长沙银杉路店,零食店,2026-04-17,21,814,79
零食店-长沙银杉路店,零食店,2026-04-17,22,508,35
零食店-长沙银杉路店,零食店,2026-04-17,23,0,0
零食店-长沙银杉路店,零食店,2026-04-18,0,116,0
零食店-长沙银杉路店,零食店,2026-04-18,1,64,0
零食店-长沙银杉路店,零食店,2026-04-18,2,38,0
零食店-长沙银杉路店,零食店,2026-04-18,3,13,0
零食店-长沙银杉路店,零食店,2026-04-18,4,19,0
零食店-长沙银杉路店,零食店,2026-04-18,5,20,0
零食店-长沙银杉路店,零食店,2026-04-18,6,63,0
零食店-长沙银杉路店,零食店,2026-04-18,7,291,15
零食店-长沙银杉路店,零食店,2026-04-18,8,537,39
零食店-长沙银杉路店,零食店,2026-04-18,9,603,53
零食店-长沙银杉路店,零食店,2026-04-18,10,680,71
零食店-长沙银杉路店,零食店,2026-04-18,11,663,57
零食店-长沙银杉路店,零食店,2026-04-18,12,812,59
零食店-长沙银杉路店,零食店,2026-04-18,13,904,81
零食店-长沙银杉路店,零食店,2026-04-18,14,1080,116
零食店-长沙银杉路店,零食店,2026-04-18,15,950,96
零食店-长沙银杉路店,零食店,2026-04-18,16,1012,69
零食店-长沙银杉路店,零食店,2026-04-18,17,1200,73
零食店-长沙银杉路店,零食店,2026-04-18,18,1262,70
零食店-长沙银杉路店,零食店,2026-04-18,19,1327,94
零食店-长沙银杉路店,零食店,2026-04-18,20,1247,82
零食店-长沙银杉路店,零食店,2026-04-18,21,900,67
零食店-长沙银杉路店,零食店,2026-04-18,22,516,59
零食店-长沙银杉路店,零食店,2026-04-18,23,0,0
零食店-长沙银杉路店,零食店,2026-04-19,0,89,0
零食店-长沙银杉路店,零食店,2026-04-19,1,56,0
零食店-长沙银杉路店,零食店,2026-04-19,2,35,0
零食店-长沙银杉路店,零食店,2026-04-19,3,12,0
零食店-长沙银杉路店,零食店,2026-04-19,4,11,0
零食店-长沙银杉路店,零食店,2026-04-19,5,15,0
零食店-长沙银杉路店,零食店,2026-04-19,6,101,0
零食店-长沙银杉路店,零食店,2026-04-19,7,273,4
零食店-长沙银杉路店,零食店,2026-04-19,8,443,27
零食店-长沙银杉路店,零食店,2026-04-19,9,536,64
零食店-长沙银杉路店,零食店,2026-04-19,10,533,59
零食店-长沙银杉路店,零食店,2026-04-19,11,643,57
零食店-长沙银杉路店,零食店,2026-04-19,12,681,70
零食店-长沙银杉路店,零食店,2026-04-19,13,959,94
零食店-长沙银杉路店,零食店,2026-04-19,14,934,96
零食店-长沙银杉路店,零食店,2026-04-19,15,1109,115
零食店-长沙银杉路店,零食店,2026-04-19,16,1104,111
零食店-长沙银杉路店,零食店,2026-04-19,17,1056,81
零食店-长沙银杉路店,零食店,2026-04-19,18,1069,86
零食店-长沙银杉路店,零食店,2026-04-19,19,1101,103
零食店-长沙银杉路店,零食店,2026-04-19,20,852,100
零食店-长沙银杉路店,零食店,2026-04-19,21,557,56
零食店-长沙银杉路店,零食店,2026-04-19,22,299,36
零食店-长沙银杉路店,零食店,2026-04-19,23,0,0
零食店-长沙银杉路店,零食店,2026-04-20,0,109,0
零食店-长沙银杉路店,零食店,2026-04-20,1,51,0
零食店-长沙银杉路店,零食店,2026-04-20,2,28,0
零食店-长沙银杉路店,零食店,2026-04-20,3,18,0
零食店-长沙银杉路店,零食店,2026-04-20,4,9,0
零食店-长沙银杉路店,零食店,2026-04-20,5,20,0
零食店-长沙银杉路店,零食店,2026-04-20,6,118,0
零食店-长沙银杉路店,零食店,2026-04-20,7,510,5
零食店-长沙银杉路店,零食店,2026-04-20,8,795,34
零食店-长沙银杉路店,零食店,2026-04-20,9,282,29
零食店-长沙银杉路店,零食店,2026-04-20,10,254,18
零食店-长沙银杉路店,零食店,2026-04-20,11,181,11
零食店-长沙银杉路店,零食店,2026-04-20,12,136,17
零食店-长沙银杉路店,零食店,2026-04-20,13,223,19
零食店-长沙银杉路店,零食店,2026-04-20,14,184,3
零食店-长沙银杉路店,零食店,2026-04-20,15,195,0
零食店-长沙银杉路店,零食店,2026-04-20,16,190,0
零食店-长沙银杉路店,零食店,2026-04-20,17,322,31
零食店-长沙银杉路店,零食店,2026-04-20,18,348,46
零食店-长沙银杉路店,零食店,2026-04-20,19,249,49
零食店-长沙银杉路店,零食店,2026-04-20,20,133,32
零食店-长沙银杉路店,零食店,2026-04-20,21,116,27
零食店-长沙银杉路店,零食店,2026-04-20,22,99,21
零食店-长沙银杉路店,零食店,2026-04-20,23,0,0
零食店-长沙银杉路店,零食店,2026-04-21,0,18,0
零食店-长沙银杉路店,零食店,2026-04-21,1,13,0
零食店-长沙银杉路店,零食店,2026-04-21,2,6,0
零食店-长沙银杉路店,零食店,2026-04-21,3,15,0
零食店-长沙银杉路店,零食店,2026-04-21,4,4,0
零食店-长沙银杉路店,零食店,2026-04-21,5,11,0
零食店-长沙银杉路店,零食店,2026-04-21,6,84,0
零食店-长沙银杉路店,零食店,2026-04-21,7,289,4
零食店-长沙银杉路店,零食店,2026-04-21,8,361,27
零食店-长沙银杉路店,零食店,2026-04-21,9,221,19
零食店-长沙银杉路店,零食店,2026-04-21,10,174,11
零食店-长沙银杉路店,零食店,2026-04-21,11,206,16
零食店-长沙银杉路店,零食店,2026-04-21,12,220,16
零食店-长沙银杉路店,零食店,2026-04-21,13,259,11
零食店-长沙银杉路店,零食店,2026-04-21,14,178,15
零食店-长沙银杉路店,零食店,2026-04-21,15,232,20
零食店-长沙银杉路店,零食店,2026-04-21,16,353,33
零食店-长沙银杉路店,零食店,2026-04-21,17,471,64
零食店-长沙银杉路店,零食店,2026-04-21,18,452,57
零食店-长沙银杉路店,零食店,2026-04-21,19,213,41
零食店-长沙银杉路店,零食店,2026-04-21,20,155,39
零食店-长沙银杉路店,零食店,2026-04-21,21,144,38
零食店-长沙银杉路店,零食店,2026-04-21,22,106,30
零食店-长沙银杉路店,零食店,2026-04-21,23,0,0
零食店-长沙银杉路店,零食店,2026-04-22,0,23,0
零食店-长沙银杉路店,零食店,2026-04-22,1,12,0
零食店-长沙银杉路店,零食店,2026-04-22,2,6,0
零食店-长沙银杉路店,零食店,2026-04-22,3,8,0
零食店-长沙银杉路店,零食店,2026-04-22,4,4,0
零食店-长沙银杉路店,零食店,2026-04-22,5,6,0
零食店-长沙银杉路店,零食店,2026-04-22,6,51,0
零食店-长沙银杉路店,零食店,2026-04-22,7,222,2
零食店-长沙银杉路店,零食店,2026-04-22,8,525,19
零食店-长沙银杉路店,零食店,2026-04-22,9,297,18
零食店-长沙银杉路店,零食店,2026-04-22,10,258,25
零食店-长沙银杉路店,零食店,2026-04-22,11,348,10
零食店-长沙银杉路店,零食店,2026-04-22,12,397,19
零食店-长沙银杉路店,零食店,2026-04-22,13,398,29
零食店-长沙银杉路店,零食店,2026-04-22,14,394,29
零食店-长沙银杉路店,零食店,2026-04-22,15,394,6
零食店-长沙银杉路店,零食店,2026-04-22,16,489,0
零食店-长沙银杉路店,零食店,2026-04-22,17,675,50
零食店-长沙银杉路店,零食店,2026-04-22,18,1215,75
零食店-长沙银杉路店,零食店,2026-04-22,19,1085,77
零食店-长沙银杉路店,零食店,2026-04-22,20,701,71
零食店-长沙银杉路店,零食店,2026-04-22,21,455,48
零食店-长沙银杉路店,零食店,2026-04-22,22,264,27
零食店-长沙银杉路店,零食店,2026-04-22,23,0,0
零食店-长沙银杉路店,零食店,2026-04-23,0,60,0
零食店-长沙银杉路店,零食店,2026-04-23,1,13,0
零食店-长沙银杉路店,零食店,2026-04-23,2,25,0
零食店-长沙银杉路店,零食店,2026-04-23,3,13,0
零食店-长沙银杉路店,零食店,2026-04-23,4,8,0
零食店-长沙银杉路店,零食店,2026-04-23,5,10,0
零食店-长沙银杉路店,零食店,2026-04-23,6,77,0
零食店-长沙银杉路店,零食店,2026-04-23,7,422,10
零食店-长沙银杉路店,零食店,2026-04-23,8,888,33
零食店-长沙银杉路店,零食店,2026-04-23,9,597,34
零食店-长沙银杉路店,零食店,2026-04-23,10,475,19
零食店-长沙银杉路店,零食店,2026-04-23,11,417,30
零食店-长沙银杉路店,零食店,2026-04-23,12,488,27
零食店-长沙银杉路店,零食店,2026-04-23,13,473,17
零食店-长沙银杉路店,零食店,2026-04-23,14,396,28
零食店-长沙银杉路店,零食店,2026-04-23,15,457,28
零食店-长沙银杉路店,零食店,2026-04-23,16,649,37
零食店-长沙银杉路店,零食店,2026-04-23,17,809,59
零食店-长沙银杉路店,零食店,2026-04-23,18,1298,91
零食店-长沙银杉路店,零食店,2026-04-23,19,1242,99
零食店-长沙银杉路店,零食店,2026-04-23,20,792,69
零食店-长沙银杉路店,零食店,2026-04-23,21,479,61
零食店-长沙银杉路店,零食店,2026-04-23,22,269,26
零食店-长沙银杉路店,零食店,2026-04-23,23,0,0
零食店-长沙银杉路店,零食店,2026-04-24,0,42,0
零食店-长沙银杉路店,零食店,2026-04-24,1,28,0
零食店-长沙银杉路店,零食店,2026-04-24,2,23,0
零食店-长沙银杉路店,零食店,2026-04-24,3,12,0
零食店-长沙银杉路店,零食店,2026-04-24,4,16,0
零食店-长沙银杉路店,零食店,2026-04-24,5,16,0
零食店-长沙银杉路店,零食店,2026-04-24,6,74,0
零食店-长沙银杉路店,零食店,2026-04-24,7,506,13
零食店-长沙银杉路店,零食店,2026-04-24,8,792,19
零食店-长沙银杉路店,零食店,2026-04-24,9,494,31
零食店-长沙银杉路店,零食店,2026-04-24,10,404,32
零食店-长沙银杉路店,零食店,2026-04-24,11,433,22
零食店-长沙银杉路店,零食店,2026-04-24,12,516,25
零食店-长沙银杉路店,零食店,2026-04-24,13,555,38
零食店-长沙银杉路店,零食店,2026-04-24,14,443,14
零食店-长沙银杉路店,零食店,2026-04-24,15,597,46
零食店-长沙银杉路店,零食店,2026-04-24,16,752,51
零食店-长沙银杉路店,零食店,2026-04-24,17,1036,34
零食店-长沙银杉路店,零食店,2026-04-24,18,1565,77
零食店-长沙银杉路店,零食店,2026-04-24,19,1469,99
零食店-长沙银杉路店,零食店,2026-04-24,20,1076,81
零食店-长沙银杉路店,零食店,2026-04-24,21,719,83
零食店-长沙银杉路店,零食店,2026-04-24,22,526,51
零食店-长沙银杉路店,零食店,2026-04-24,23,0,0
零食店-长沙银杉路店,零食店,2026-04-25,0,53,13
零食店-长沙银杉路店,零食店,2026-04-25,1,36,0
零食店-长沙银杉路店,零食店,2026-04-25,2,28,0
零食店-长沙银杉路店,零食店,2026-04-25,3,13,0
零食店-长沙银杉路店,零食店,2026-04-25,4,5,0
零食店-长沙银杉路店,零食店,2026-04-25,5,10,0
零食店-长沙银杉路店,零食店,2026-04-25,6,62,0
零食店-长沙银杉路店,零食店,2026-04-25,7,257,20
零食店-长沙银杉路店,零食店,2026-04-25,8,563,33
零食店-长沙银杉路店,零食店,2026-04-25,9,590,54
零食店-长沙银杉路店,零食店,2026-04-25,10,620,49
零食店-长沙银杉路店,零食店,2026-04-25,11,617,58
零食店-长沙银杉路店,零食店,2026-04-25,12,776,50
零食店-长沙银杉路店,零食店,2026-04-25,13,831,70
零食店-长沙银杉路店,零食店,2026-04-25,14,831,63
零食店-长沙银杉路店,零食店,2026-04-25,15,911,89
零食店-长沙银杉路店,零食店,2026-04-25,16,891,82
零食店-长沙银杉路店,零食店,2026-04-25,17,956,60
零食店-长沙银杉路店,零食店,2026-04-25,18,1375,100
零食店-长沙银杉路店,零食店,2026-04-25,19,1367,98
零食店-长沙银杉路店,零食店,2026-04-25,20,1080,77
零食店-长沙银杉路店,零食店,2026-04-25,21,771,85
零食店-长沙银杉路店,零食店,2026-04-25,22,483,50
零食店-长沙银杉路店,零食店,2026-04-25,23,0,0
零食店-长沙银杉路店,零食店,2026-04-27,0,74,1
零食店-长沙银杉路店,零食店,2026-04-27,1,33,0
零食店-长沙银杉路店,零食店,2026-04-27,2,24,0
零食店-长沙银杉路店,零食店,2026-04-27,3,20,0
零食店-长沙银杉路店,零食店,2026-04-27,4,10,0
零食店-长沙银杉路店,零食店,2026-04-27,5,21,0
零食店-长沙银杉路店,零食店,2026-04-27,6,158,0
零食店-长沙银杉路店,零食店,2026-04-27,7,575,13
零食店-长沙银杉路店,零食店,2026-04-27,8,830,31
零食店-长沙银杉路店,零食店,2026-04-27,9,467,29
零食店-长沙银杉路店,零食店,2026-04-27,10,406,15
零食店-长沙银杉路店,零食店,2026-04-27,11,384,23
零食店-长沙银杉路店,零食店,2026-04-27,12,457,28
零食店-长沙银杉路店,零食店,2026-04-27,13,352,11
零食店-长沙银杉路店,零食店,2026-04-27,14,298,9
零食店-长沙银杉路店,零食店,2026-04-27,15,350,6
零食店-长沙银杉路店,零食店,2026-04-27,16,294,7
零食店-长沙银杉路店,零食店,2026-04-27,17,239,0
零食店-长沙银杉路店,零食店,2026-04-27,18,486,50
零食店-长沙银杉路店,零食店,2026-04-27,19,507,60
零食店-长沙银杉路店,零食店,2026-04-27,20,265,44
零食店-长沙银杉路店,零食店,2026-04-27,21,117,23
零食店-长沙银杉路店,零食店,2026-04-27,22,105,21
零食店-长沙银杉路店,零食店,2026-04-27,23,0,0
零食店-长沙银杉路店,零食店,2026-04-28,0,34,0
零食店-长沙银杉路店,零食店,2026-04-28,1,19,0
零食店-长沙银杉路店,零食店,2026-04-28,2,19,0
零食店-长沙银杉路店,零食店,2026-04-28,3,8,0
零食店-长沙银杉路店,零食店,2026-04-28,4,3,0
零食店-长沙银杉路店,零食店,2026-04-28,5,5,0
零食店-长沙银杉路店,零食店,2026-04-28,6,53,0
零食店-长沙银杉路店,零食店,2026-04-28,7,217,10
零食店-长沙银杉路店,零食店,2026-04-28,8,323,22
零食店-长沙银杉路店,零食店,2026-04-28,9,155,13
零食店-长沙银杉路店,零食店,2026-04-28,10,104,10
零食店-长沙银杉路店,零食店,2026-04-28,11,165,18
零食店-长沙银杉路店,零食店,2026-04-28,12,190,13
零食店-长沙银杉路店,零食店,2026-04-28,13,126,13
零食店-长沙银杉路店,零食店,2026-04-28,14,149,15
零食店-长沙银杉路店,零食店,2026-04-28,15,155,13
零食店-长沙银杉路店,零食店,2026-04-28,16,193,27
零食店-长沙银杉路店,零食店,2026-04-28,17,288,24
零食店-长沙银杉路店,零食店,2026-04-28,18,347,69
零食店-长沙银杉路店,零食店,2026-04-28,19,192,61
零食店-长沙银杉路店,零食店,2026-04-28,20,146,58
零食店-长沙银杉路店,零食店,2026-04-28,21,115,51
零食店-长沙银杉路店,零食店,2026-04-28,22,54,23
零食店-长沙银杉路店,零食店,2026-04-28,23,0,0
零食店-长沙银杉路店,零食店,2026-04-29,0,19,0
零食店-长沙银杉路店,零食店,2026-04-29,1,22,0
零食店-长沙银杉路店,零食店,2026-04-29,2,9,0
零食店-长沙银杉路店,零食店,2026-04-29,3,13,0
零食店-长沙银杉路店,零食店,2026-04-29,4,14,0
零食店-长沙银杉路店,零食店,2026-04-29,5,4,0
零食店-长沙银杉路店,零食店,2026-04-29,6,92,0
零食店-长沙银杉路店,零食店,2026-04-29,7,490,6
零食店-长沙银杉路店,零食店,2026-04-29,8,803,30
零食店-长沙银杉路店,零食店,2026-04-29,9,398,24
零食店-长沙银杉路店,零食店,2026-04-29,10,305,27
零食店-长沙银杉路店,零食店,2026-04-29,11,315,20
零食店-长沙银杉路店,零食店,2026-04-29,12,408,18
零食店-长沙银杉路店,零食店,2026-04-29,13,463,31
零食店-长沙银杉路店,零食店,2026-04-29,14,426,21
零食店-长沙银杉路店,零食店,2026-04-29,15,542,24
零食店-长沙银杉路店,零食店,2026-04-29,16,669,41
零食店-长沙银杉路店,零食店,2026-04-29,17,910,42
零食店-长沙银杉路店,零食店,2026-04-29,18,1395,87
零食店-长沙银杉路店,零食店,2026-04-29,19,1319,119
零食店-长沙银杉路店,零食店,2026-04-29,20,1050,101
零食店-长沙银杉路店,零食店,2026-04-29,21,693,57
零食店-长沙银杉路店,零食店,2026-04-29,22,451,47
零食店-长沙银杉路店,零食店,2026-04-29,23,0,0
零食店-长沙银杉路店,零食店,2026-04-30,0,74,0
零食店-长沙银杉路店,零食店,2026-04-30,1,42,0
零食店-长沙银杉路店,零食店,2026-04-30,2,42,0
零食店-长沙银杉路店,零食店,2026-04-30,3,22,0
零食店-长沙银杉路店,零食店,2026-04-30,4,18,0
零食店-长沙银杉路店,零食店,2026-04-30,5,16,0
零食店-长沙银杉路店,零食店,2026-04-30,6,139,0
零食店-长沙银杉路店,零食店,2026-04-30,7,582,15
零食店-长沙银杉路店,零食店,2026-04-30,8,894,39
零食店-长沙银杉路店,零食店,2026-04-30,9,750,66
零食店-长沙银杉路店,零食店,2026-04-30,10,676,53
零食店-长沙银杉路店,零食店,2026-04-30,11,612,42
零食店-长沙银杉路店,零食店,2026-04-30,12,886,73
零食店-长沙银杉路店,零食店,2026-04-30,13,1024,87
零食店-长沙银杉路店,零食店,2026-04-30,14,1025,87
零食店-长沙银杉路店,零食店,2026-04-30,15,920,73
零食店-长沙银杉路店,零食店,2026-04-30,16,1060,76
零食店-长沙银杉路店,零食店,2026-04-30,17,1441,72
零食店-长沙银杉路店,零食店,2026-04-30,18,1929,117
零食店-长沙银杉路店,零食店,2026-04-30,19,1904,137
零食店-长沙银杉路店,零食店,2026-04-30,20,1522,130
零食店-长沙银杉路店,零食店,2026-04-30,21,1166,123
零食店-长沙银杉路店,零食店,2026-04-30,22,650,79
零食店-长沙银杉路店,零食店,2026-04-30,23,0,0
药店-桐君阁仁秀店,药店,2026-03-27,0,16,0
药店-桐君阁仁秀店,药店,2026-03-27,1,15,0
药店-桐君阁仁秀店,药店,2026-03-27,2,20,0
药店-桐君阁仁秀店,药店,2026-03-27,3,11,0
药店-桐君阁仁秀店,药店,2026-03-27,4,14,0
药店-桐君阁仁秀店,药店,2026-03-27,5,18,0
药店-桐君阁仁秀店,药店,2026-03-27,6,73,0
药店-桐君阁仁秀店,药店,2026-03-27,7,190,0
药店-桐君阁仁秀店,药店,2026-03-27,8,297,11
药店-桐君阁仁秀店,药店,2026-03-27,9,371,24
药店-桐君阁仁秀店,药店,2026-03-27,10,262,11
药店-桐君阁仁秀店,药店,2026-03-27,11,129,7
药店-桐君阁仁秀店,药店,2026-03-27,12,194,4
药店-桐君阁仁秀店,药店,2026-03-27,13,162,8
药店-桐君阁仁秀店,药店,2026-03-27,14,168,7
药店-桐君阁仁秀店,药店,2026-03-27,15,208,5
药店-桐君阁仁秀店,药店,2026-03-27,16,188,3
药店-桐君阁仁秀店,药店,2026-03-27,17,288,14
药店-桐君阁仁秀店,药店,2026-03-27,18,377,10
药店-桐君阁仁秀店,药店,2026-03-27,19,334,11
药店-桐君阁仁秀店,药店,2026-03-27,20,222,14
药店-桐君阁仁秀店,药店,2026-03-27,21,147,10
药店-桐君阁仁秀店,药店,2026-03-27,22,80,2
药店-桐君阁仁秀店,药店,2026-03-27,23,0,0
药店-桐君阁仁秀店,药店,2026-03-28,0,18,0
药店-桐君阁仁秀店,药店,2026-03-28,1,5,0
药店-桐君阁仁秀店,药店,2026-03-28,2,3,0
药店-桐君阁仁秀店,药店,2026-03-28,3,1,0
药店-桐君阁仁秀店,药店,2026-03-28,4,2,0
药店-桐君阁仁秀店,药店,2026-03-28,5,9,0
药店-桐君阁仁秀店,药店,2026-03-28,6,26,0
药店-桐君阁仁秀店,药店,2026-03-28,7,85,0
药店-桐君阁仁秀店,药店,2026-03-28,8,190,4
药店-桐君阁仁秀店,药店,2026-03-28,9,268,18
药店-桐君阁仁秀店,药店,2026-03-28,10,262,9
药店-桐君阁仁秀店,药店,2026-03-28,11,231,12
药店-桐君阁仁秀店,药店,2026-03-28,12,238,7
药店-桐君阁仁秀店,药店,2026-03-28,13,252,7
药店-桐君阁仁秀店,药店,2026-03-28,14,259,7
药店-桐君阁仁秀店,药店,2026-03-28,15,294,7
药店-桐君阁仁秀店,药店,2026-03-28,16,403,17
药店-桐君阁仁秀店,药店,2026-03-28,17,441,7
药店-桐君阁仁秀店,药店,2026-03-28,18,408,18
药店-桐君阁仁秀店,药店,2026-03-28,19,456,19
药店-桐君阁仁秀店,药店,2026-03-28,20,350,13
药店-桐君阁仁秀店,药店,2026-03-28,21,170,6
药店-桐君阁仁秀店,药店,2026-03-28,22,70,0
药店-桐君阁仁秀店,药店,2026-03-28,23,0,0
药店-桐君阁仁秀店,药店,2026-03-29,0,43,0
药店-桐君阁仁秀店,药店,2026-03-29,1,31,0
药店-桐君阁仁秀店,药店,2026-03-29,2,12,0
药店-桐君阁仁秀店,药店,2026-03-29,3,9,0
药店-桐君阁仁秀店,药店,2026-03-29,4,7,0
药店-桐君阁仁秀店,药店,2026-03-29,5,24,0
药店-桐君阁仁秀店,药店,2026-03-29,6,61,0
药店-桐君阁仁秀店,药店,2026-03-29,7,144,0
药店-桐君阁仁秀店,药店,2026-03-29,8,327,9
药店-桐君阁仁秀店,药店,2026-03-29,9,446,16
药店-桐君阁仁秀店,药店,2026-03-29,10,357,10
药店-桐君阁仁秀店,药店,2026-03-29,11,312,9
药店-桐君阁仁秀店,药店,2026-03-29,12,240,10
药店-桐君阁仁秀店,药店,2026-03-29,13,305,10
药店-桐君阁仁秀店,药店,2026-03-29,14,303,10
药店-桐君阁仁秀店,药店,2026-03-29,15,293,14
药店-桐君阁仁秀店,药店,2026-03-29,16,368,11
药店-桐君阁仁秀店,药店,2026-03-29,17,420,13
药店-桐君阁仁秀店,药店,2026-03-29,18,420,8
药店-桐君阁仁秀店,药店,2026-03-29,19,327,25
药店-桐君阁仁秀店,药店,2026-03-29,20,235,10
药店-桐君阁仁秀店,药店,2026-03-29,21,99,8
药店-桐君阁仁秀店,药店,2026-03-29,22,50,0
药店-桐君阁仁秀店,药店,2026-03-29,23,0,0
药店-桐君阁仁秀店,药店,2026-03-30,0,20,0
药店-桐君阁仁秀店,药店,2026-03-30,1,28,0
药店-桐君阁仁秀店,药店,2026-03-30,2,11,0
药店-桐君阁仁秀店,药店,2026-03-30,3,7,0
药店-桐君阁仁秀店,药店,2026-03-30,4,6,0
药店-桐君阁仁秀店,药店,2026-03-30,5,15,0
药店-桐君阁仁秀店,药店,2026-03-30,6,71,0
药店-桐君阁仁秀店,药店,2026-03-30,7,217,0
药店-桐君阁仁秀店,药店,2026-03-30,8,334,2
药店-桐君阁仁秀店,药店,2026-03-30,9,311,16
药店-桐君阁仁秀店,药店,2026-03-30,10,286,17
药店-桐君阁仁秀店,药店,2026-03-30,11,185,10
药店-桐君阁仁秀店,药店,2026-03-30,12,232,4
药店-桐君阁仁秀店,药店,2026-03-30,13,181,3
药店-桐君阁仁秀店,药店,2026-03-30,14,226,3
药店-桐君阁仁秀店,药店,2026-03-30,15,250,6
药店-桐君阁仁秀店,药店,2026-03-30,16,226,15
药店-桐君阁仁秀店,药店,2026-03-30,17,349,14
药店-桐君阁仁秀店,药店,2026-03-30,18,362,14
药店-桐君阁仁秀店,药店,2026-03-30,19,372,17
药店-桐君阁仁秀店,药店,2026-03-30,20,247,13
药店-桐君阁仁秀店,药店,2026-03-30,21,95,5
药店-桐君阁仁秀店,药店,2026-03-30,22,28,0
药店-桐君阁仁秀店,药店,2026-03-30,23,0,0
药店-桐君阁仁秀店,药店,2026-03-31,0,10,0
药店-桐君阁仁秀店,药店,2026-03-31,1,6,0
药店-桐君阁仁秀店,药店,2026-03-31,2,6,0
药店-桐君阁仁秀店,药店,2026-03-31,3,4,0
药店-桐君阁仁秀店,药店,2026-03-31,4,6,0
药店-桐君阁仁秀店,药店,2026-03-31,5,16,0
药店-桐君阁仁秀店,药店,2026-03-31,6,52,0
药店-桐君阁仁秀店,药店,2026-03-31,7,185,0
药店-桐君阁仁秀店,药店,2026-03-31,8,231,3
药店-桐君阁仁秀店,药店,2026-03-31,9,270,22
药店-桐君阁仁秀店,药店,2026-03-31,10,248,8
药店-桐君阁仁秀店,药店,2026-03-31,11,226,7
药店-桐君阁仁秀店,药店,2026-03-31,12,210,2
药店-桐君阁仁秀店,药店,2026-03-31,13,211,0
药店-桐君阁仁秀店,药店,2026-03-31,14,255,19
药店-桐君阁仁秀店,药店,2026-03-31,15,274,6
药店-桐君阁仁秀店,药店,2026-03-31,16,264,9
药店-桐君阁仁秀店,药店,2026-03-31,17,355,7
药店-桐君阁仁秀店,药店,2026-03-31,18,431,12
药店-桐君阁仁秀店,药店,2026-03-31,19,441,18
药店-桐君阁仁秀店,药店,2026-03-31,20,391,14
药店-桐君阁仁秀店,药店,2026-03-31,21,197,11
药店-桐君阁仁秀店,药店,2026-03-31,22,83,0
药店-桐君阁仁秀店,药店,2026-03-31,23,0,0
药店-桐君阁仁秀店,药店,2026-04-01,0,27,0
药店-桐君阁仁秀店,药店,2026-04-01,1,31,0
药店-桐君阁仁秀店,药店,2026-04-01,2,12,0
药店-桐君阁仁秀店,药店,2026-04-01,3,8,0
药店-桐君阁仁秀店,药店,2026-04-01,4,11,0
药店-桐君阁仁秀店,药店,2026-04-01,5,19,0
药店-桐君阁仁秀店,药店,2026-04-01,6,59,0
药店-桐君阁仁秀店,药店,2026-04-01,7,213,0
药店-桐君阁仁秀店,药店,2026-04-01,8,288,1
药店-桐君阁仁秀店,药店,2026-04-01,9,318,12
药店-桐君阁仁秀店,药店,2026-04-01,10,288,18
药店-桐君阁仁秀店,药店,2026-04-01,11,249,7
药店-桐君阁仁秀店,药店,2026-04-01,12,220,6
药店-桐君阁仁秀店,药店,2026-04-01,13,164,3
药店-桐君阁仁秀店,药店,2026-04-01,14,187,5
药店-桐君阁仁秀店,药店,2026-04-01,15,237,9
药店-桐君阁仁秀店,药店,2026-04-01,16,240,9
药店-桐君阁仁秀店,药店,2026-04-01,17,339,17
药店-桐君阁仁秀店,药店,2026-04-01,18,382,10
药店-桐君阁仁秀店,药店,2026-04-01,19,443,14
药店-桐君阁仁秀店,药店,2026-04-01,20,349,14
药店-桐君阁仁秀店,药店,2026-04-01,21,176,8
药店-桐君阁仁秀店,药店,2026-04-01,22,109,4
药店-桐君阁仁秀店,药店,2026-04-01,23,0,0
药店-桐君阁仁秀店,药店,2026-04-02,0,8,0
药店-桐君阁仁秀店,药店,2026-04-02,1,3,0
药店-桐君阁仁秀店,药店,2026-04-02,2,4,0
药店-桐君阁仁秀店,药店,2026-04-02,3,0,0
药店-桐君阁仁秀店,药店,2026-04-02,4,0,0
药店-桐君阁仁秀店,药店,2026-04-02,5,0,0
药店-桐君阁仁秀店,药店,2026-04-02,6,67,0
药店-桐君阁仁秀店,药店,2026-04-02,7,207,0
药店-桐君阁仁秀店,药店,2026-04-02,8,301,2
药店-桐君阁仁秀店,药店,2026-04-02,9,301,7
药店-桐君阁仁秀店,药店,2026-04-02,10,302,8
药店-桐君阁仁秀店,药店,2026-04-02,11,268,4
药店-桐君阁仁秀店,药店,2026-04-02,12,214,2
药店-桐君阁仁秀店,药店,2026-04-02,13,202,3
药店-桐君阁仁秀店,药店,2026-04-02,14,209,5
药店-桐君阁仁秀店,药店,2026-04-02,15,199,0
药店-桐君阁仁秀店,药店,2026-04-02,16,253,21
药店-桐君阁仁秀店,药店,2026-04-02,17,289,15
药店-桐君阁仁秀店,药店,2026-04-02,18,365,11
药店-桐君阁仁秀店,药店,2026-04-02,19,329,17
药店-桐君阁仁秀店,药店,2026-04-02,20,278,18
药店-桐君阁仁秀店,药店,2026-04-02,21,141,3
药店-桐君阁仁秀店,药店,2026-04-02,22,46,0
药店-桐君阁仁秀店,药店,2026-04-02,23,0,0
药店-桐君阁仁秀店,药店,2026-04-03,0,11,0
药店-桐君阁仁秀店,药店,2026-04-03,1,0,0
药店-桐君阁仁秀店,药店,2026-04-03,2,0,0
药店-桐君阁仁秀店,药店,2026-04-03,3,0,0
药店-桐君阁仁秀店,药店,2026-04-03,4,0,0
药店-桐君阁仁秀店,药店,2026-04-03,5,0,0
药店-桐君阁仁秀店,药店,2026-04-03,6,58,0
药店-桐君阁仁秀店,药店,2026-04-03,7,185,0
药店-桐君阁仁秀店,药店,2026-04-03,8,290,8
药店-桐君阁仁秀店,药店,2026-04-03,9,396,14
药店-桐君阁仁秀店,药店,2026-04-03,10,341,5
药店-桐君阁仁秀店,药店,2026-04-03,11,313,10
药店-桐君阁仁秀店,药店,2026-04-03,12,321,3
药店-桐君阁仁秀店,药店,2026-04-03,13,298,4
药店-桐君阁仁秀店,药店,2026-04-03,14,257,7
药店-桐君阁仁秀店,药店,2026-04-03,15,301,0
药店-桐君阁仁秀店,药店,2026-04-03,16,308,20
药店-桐君阁仁秀店,药店,2026-04-03,17,340,8
药店-桐君阁仁秀店,药店,2026-04-03,18,440,8
药店-桐君阁仁秀店,药店,2026-04-03,19,488,22
药店-桐君阁仁秀店,药店,2026-04-03,20,401,21
药店-桐君阁仁秀店,药店,2026-04-03,21,214,13
药店-桐君阁仁秀店,药店,2026-04-03,22,110,0
药店-桐君阁仁秀店,药店,2026-04-03,23,0,0
药店-桐君阁仁秀店,药店,2026-04-04,0,34,0
药店-桐君阁仁秀店,药店,2026-04-04,1,25,0
药店-桐君阁仁秀店,药店,2026-04-04,2,19,0
药店-桐君阁仁秀店,药店,2026-04-04,3,14,0
药店-桐君阁仁秀店,药店,2026-04-04,4,10,0
药店-桐君阁仁秀店,药店,2026-04-04,5,10,0
药店-桐君阁仁秀店,药店,2026-04-04,6,42,0
药店-桐君阁仁秀店,药店,2026-04-04,7,147,0
药店-桐君阁仁秀店,药店,2026-04-04,8,301,15
药店-桐君阁仁秀店,药店,2026-04-04,9,370,13
药店-桐君阁仁秀店,药店,2026-04-04,10,422,13
药店-桐君阁仁秀店,药店,2026-04-04,11,309,7
药店-桐君阁仁秀店,药店,2026-04-04,12,162,6
药店-桐君阁仁秀店,药店,2026-04-04,13,235,7
药店-桐君阁仁秀店,药店,2026-04-04,14,184,5
药店-桐君阁仁秀店,药店,2026-04-04,15,210,6
药店-桐君阁仁秀店,药店,2026-04-04,16,263,8
药店-桐君阁仁秀店,药店,2026-04-04,17,337,8
药店-桐君阁仁秀店,药店,2026-04-04,18,367,14
药店-桐君阁仁秀店,药店,2026-04-04,19,417,11
药店-桐君阁仁秀店,药店,2026-04-04,20,291,16
药店-桐君阁仁秀店,药店,2026-04-04,21,222,19
药店-桐君阁仁秀店,药店,2026-04-04,22,93,0
药店-桐君阁仁秀店,药店,2026-04-04,23,0,0
药店-桐君阁仁秀店,药店,2026-04-05,0,28,0
药店-桐君阁仁秀店,药店,2026-04-05,1,18,0
药店-桐君阁仁秀店,药店,2026-04-05,2,23,0
药店-桐君阁仁秀店,药店,2026-04-05,3,16,0
药店-桐君阁仁秀店,药店,2026-04-05,4,9,0
药店-桐君阁仁秀店,药店,2026-04-05,5,14,0
药店-桐君阁仁秀店,药店,2026-04-05,6,64,0
药店-桐君阁仁秀店,药店,2026-04-05,7,169,0
药店-桐君阁仁秀店,药店,2026-04-05,8,279,6
药店-桐君阁仁秀店,药店,2026-04-05,9,384,19
药店-桐君阁仁秀店,药店,2026-04-05,10,384,17
药店-桐君阁仁秀店,药店,2026-04-05,11,265,5
药店-桐君阁仁秀店,药店,2026-04-05,12,222,4
药店-桐君阁仁秀店,药店,2026-04-05,13,267,8
药店-桐君阁仁秀店,药店,2026-04-05,14,248,4
药店-桐君阁仁秀店,药店,2026-04-05,15,270,8
药店-桐君阁仁秀店,药店,2026-04-05,16,377,10
药店-桐君阁仁秀店,药店,2026-04-05,17,364,18
药店-桐君阁仁秀店,药店,2026-04-05,18,332,8
药店-桐君阁仁秀店,药店,2026-04-05,19,408,11
药店-桐君阁仁秀店,药店,2026-04-05,20,341,14
药店-桐君阁仁秀店,药店,2026-04-05,21,234,15
药店-桐君阁仁秀店,药店,2026-04-05,22,99,0
药店-桐君阁仁秀店,药店,2026-04-05,23,0,0
药店-桐君阁仁秀店,药店,2026-04-06,0,32,0
药店-桐君阁仁秀店,药店,2026-04-06,1,23,0
药店-桐君阁仁秀店,药店,2026-04-06,2,11,0
药店-桐君阁仁秀店,药店,2026-04-06,3,3,0
药店-桐君阁仁秀店,药店,2026-04-06,4,5,0
药店-桐君阁仁秀店,药店,2026-04-06,5,2,0
药店-桐君阁仁秀店,药店,2026-04-06,6,25,0
药店-桐君阁仁秀店,药店,2026-04-06,7,76,2
药店-桐君阁仁秀店,药店,2026-04-06,8,111,9
药店-桐君阁仁秀店,药店,2026-04-06,9,207,10
药店-桐君阁仁秀店,药店,2026-04-06,10,315,16
药店-桐君阁仁秀店,药店,2026-04-06,11,227,9
药店-桐君阁仁秀店,药店,2026-04-06,12,236,2
药店-桐君阁仁秀店,药店,2026-04-06,13,243,7
药店-桐君阁仁秀店,药店,2026-04-06,14,305,16
药店-桐君阁仁秀店,药店,2026-04-06,15,272,12
药店-桐君阁仁秀店,药店,2026-04-06,16,322,10
药店-桐君阁仁秀店,药店,2026-04-06,17,375,14
药店-桐君阁仁秀店,药店,2026-04-06,18,354,10
药店-桐君阁仁秀店,药店,2026-04-06,19,411,14
药店-桐君阁仁秀店,药店,2026-04-06,20,265,17
药店-桐君阁仁秀店,药店,2026-04-06,21,152,12
药店-桐君阁仁秀店,药店,2026-04-06,22,110,0
药店-桐君阁仁秀店,药店,2026-04-06,23,40,0
药店-桐君阁仁秀店,药店,2026-04-07,0,33,0
药店-桐君阁仁秀店,药店,2026-04-07,1,5,0
药店-桐君阁仁秀店,药店,2026-04-07,2,8,0
药店-桐君阁仁秀店,药店,2026-04-07,3,6,0
药店-桐君阁仁秀店,药店,2026-04-07,4,3,0
药店-桐君阁仁秀店,药店,2026-04-07,5,15,0
药店-桐君阁仁秀店,药店,2026-04-07,6,51,0
药店-桐君阁仁秀店,药店,2026-04-07,7,185,0
药店-桐君阁仁秀店,药店,2026-04-07,8,298,10
药店-桐君阁仁秀店,药店,2026-04-07,9,368,10
药店-桐君阁仁秀店,药店,2026-04-07,10,344,10
药店-桐君阁仁秀店,药店,2026-04-07,11,265,5
药店-桐君阁仁秀店,药店,2026-04-07,12,222,4
药店-桐君阁仁秀店,药店,2026-04-07,13,200,4
药店-桐君阁仁秀店,药店,2026-04-07,14,227,9
药店-桐君阁仁秀店,药店,2026-04-07,15,241,8
药店-桐君阁仁秀店,药店,2026-04-07,16,272,6
药店-桐君阁仁秀店,药店,2026-04-07,17,318,10
药店-桐君阁仁秀店,药店,2026-04-07,18,399,5
药店-桐君阁仁秀店,药店,2026-04-07,19,437,37
药店-桐君阁仁秀店,药店,2026-04-07,20,359,24
药店-桐君阁仁秀店,药店,2026-04-07,21,185,10
药店-桐君阁仁秀店,药店,2026-04-07,22,62,0
药店-桐君阁仁秀店,药店,2026-04-07,23,0,0
药店-桐君阁仁秀店,药店,2026-04-08,0,57,0
药店-桐君阁仁秀店,药店,2026-04-08,1,21,0
药店-桐君阁仁秀店,药店,2026-04-08,2,8,0
药店-桐君阁仁秀店,药店,2026-04-08,3,4,0
药店-桐君阁仁秀店,药店,2026-04-08,4,6,0
药店-桐君阁仁秀店,药店,2026-04-08,5,16,0
药店-桐君阁仁秀店,药店,2026-04-08,6,73,0
药店-桐君阁仁秀店,药店,2026-04-08,7,211,0
药店-桐君阁仁秀店,药店,2026-04-08,8,356,4
药店-桐君阁仁秀店,药店,2026-04-08,9,340,9
药店-桐君阁仁秀店,药店,2026-04-08,10,343,9
药店-桐君阁仁秀店,药店,2026-04-08,11,262,6
药店-桐君阁仁秀店,药店,2026-04-08,12,154,7
药店-桐君阁仁秀店,药店,2026-04-08,13,170,4
药店-桐君阁仁秀店,药店,2026-04-08,14,140,6
药店-桐君阁仁秀店,药店,2026-04-08,15,217,12
药店-桐君阁仁秀店,药店,2026-04-08,16,213,11
药店-桐君阁仁秀店,药店,2026-04-08,17,353,13
药店-桐君阁仁秀店,药店,2026-04-08,18,382,21
药店-桐君阁仁秀店,药店,2026-04-08,19,426,9
药店-桐君阁仁秀店,药店,2026-04-08,20,373,15
药店-桐君阁仁秀店,药店,2026-04-08,21,198,5
药店-桐君阁仁秀店,药店,2026-04-08,22,69,0
药店-桐君阁仁秀店,药店,2026-04-08,23,0,0
药店-桐君阁仁秀店,药店,2026-04-09,0,24,0
药店-桐君阁仁秀店,药店,2026-04-09,1,17,0
药店-桐君阁仁秀店,药店,2026-04-09,2,10,0
药店-桐君阁仁秀店,药店,2026-04-09,3,2,0
药店-桐君阁仁秀店,药店,2026-04-09,4,10,0
药店-桐君阁仁秀店,药店,2026-04-09,5,18,0
药店-桐君阁仁秀店,药店,2026-04-09,6,69,0
药店-桐君阁仁秀店,药店,2026-04-09,7,225,0
药店-桐君阁仁秀店,药店,2026-04-09,8,316,5
药店-桐君阁仁秀店,药店,2026-04-09,9,399,18
药店-桐君阁仁秀店,药店,2026-04-09,10,273,10
药店-桐君阁仁秀店,药店,2026-04-09,11,219,5
药店-桐君阁仁秀店,药店,2026-04-09,12,175,0
药店-桐君阁仁秀店,药店,2026-04-09,13,155,18
药店-桐君阁仁秀店,药店,2026-04-09,14,160,10
药店-桐君阁仁秀店,药店,2026-04-09,15,175,7
药店-桐君阁仁秀店,药店,2026-04-09,16,222,16
药店-桐君阁仁秀店,药店,2026-04-09,17,386,2
药店-桐君阁仁秀店,药店,2026-04-09,18,370,14
药店-桐君阁仁秀店,药店,2026-04-09,19,370,12
药店-桐君阁仁秀店,药店,2026-04-09,20,389,5
药店-桐君阁仁秀店,药店,2026-04-09,21,217,13
药店-桐君阁仁秀店,药店,2026-04-09,22,20,1
药店-桐君阁仁秀店,药店,2026-04-09,23,0,0
药店-桐君阁仁秀店,药店,2026-04-10,0,21,0
药店-桐君阁仁秀店,药店,2026-04-10,1,17,0
药店-桐君阁仁秀店,药店,2026-04-10,2,5,0
药店-桐君阁仁秀店,药店,2026-04-10,3,9,0
药店-桐君阁仁秀店,药店,2026-04-10,4,9,0
药店-桐君阁仁秀店,药店,2026-04-10,5,13,0
药店-桐君阁仁秀店,药店,2026-04-10,6,78,0
药店-桐君阁仁秀店,药店,2026-04-10,7,264,3
药店-桐君阁仁秀店,药店,2026-04-10,8,346,14
药店-桐君阁仁秀店,药店,2026-04-10,9,415,12
药店-桐君阁仁秀店,药店,2026-04-10,10,323,18
药店-桐君阁仁秀店,药店,2026-04-10,11,220,7
药店-桐君阁仁秀店,药店,2026-04-10,12,172,0
药店-桐君阁仁秀店,药店,2026-04-10,13,116,25
药店-桐君阁仁秀店,药店,2026-04-10,14,131,0
药店-桐君阁仁秀店,药店,2026-04-10,15,221,27
药店-桐君阁仁秀店,药店,2026-04-10,16,204,2
药店-桐君阁仁秀店,药店,2026-04-10,17,292,6
药店-桐君阁仁秀店,药店,2026-04-10,18,214,6
药店-桐君阁仁秀店,药店,2026-04-10,19,266,14
药店-桐君阁仁秀店,药店,2026-04-10,20,310,8
药店-桐君阁仁秀店,药店,2026-04-10,21,202,5
药店-桐君阁仁秀店,药店,2026-04-10,22,101,0
药店-桐君阁仁秀店,药店,2026-04-10,23,0,0
药店-桐君阁仁秀店,药店,2026-04-11,0,42,0
药店-桐君阁仁秀店,药店,2026-04-11,1,19,0
药店-桐君阁仁秀店,药店,2026-04-11,2,14,0
药店-桐君阁仁秀店,药店,2026-04-11,3,6,0
药店-桐君阁仁秀店,药店,2026-04-11,4,6,0
药店-桐君阁仁秀店,药店,2026-04-11,5,11,0
药店-桐君阁仁秀店,药店,2026-04-11,6,30,0
药店-桐君阁仁秀店,药店,2026-04-11,7,180,2
药店-桐君阁仁秀店,药店,2026-04-11,8,325,17
药店-桐君阁仁秀店,药店,2026-04-11,9,495,16
药店-桐君阁仁秀店,药店,2026-04-11,10,481,21
药店-桐君阁仁秀店,药店,2026-04-11,11,398,9
药店-桐君阁仁秀店,药店,2026-04-11,12,289,4
药店-桐君阁仁秀店,药店,2026-04-11,13,298,0
药店-桐君阁仁秀店,药店,2026-04-11,14,224,24
药店-桐君阁仁秀店,药店,2026-04-11,15,323,11
药店-桐君阁仁秀店,药店,2026-04-11,16,370,10
药店-桐君阁仁秀店,药店,2026-04-11,17,400,4
药店-桐君阁仁秀店,药店,2026-04-11,18,396,19
药店-桐君阁仁秀店,药店,2026-04-11,19,493,22
药店-桐君阁仁秀店,药店,2026-04-11,20,409,22
药店-桐君阁仁秀店,药店,2026-04-11,21,192,11
药店-桐君阁仁秀店,药店,2026-04-11,22,125,0
药店-桐君阁仁秀店,药店,2026-04-11,23,0,0
药店-桐君阁仁秀店,药店,2026-04-12,0,45,0
药店-桐君阁仁秀店,药店,2026-04-12,1,20,0
药店-桐君阁仁秀店,药店,2026-04-12,2,9,0
药店-桐君阁仁秀店,药店,2026-04-12,3,14,0
药店-桐君阁仁秀店,药店,2026-04-12,4,11,0
药店-桐君阁仁秀店,药店,2026-04-12,5,11,0
药店-桐君阁仁秀店,药店,2026-04-12,6,58,0
药店-桐君阁仁秀店,药店,2026-04-12,7,200,2
药店-桐君阁仁秀店,药店,2026-04-12,8,313,10
药店-桐君阁仁秀店,药店,2026-04-12,9,428,14
药店-桐君阁仁秀店,药店,2026-04-12,10,476,14
药店-桐君阁仁秀店,药店,2026-04-12,11,344,5
药店-桐君阁仁秀店,药店,2026-04-12,12,296,8
药店-桐君阁仁秀店,药店,2026-04-12,13,269,12
药店-桐君阁仁秀店,药店,2026-04-12,14,303,7
药店-桐君阁仁秀店,药店,2026-04-12,15,277,6
药店-桐君阁仁秀店,药店,2026-04-12,16,343,17
药店-桐君阁仁秀店,药店,2026-04-12,17,405,14
药店-桐君阁仁秀店,药店,2026-04-12,18,420,20
药店-桐君阁仁秀店,药店,2026-04-12,19,516,35
药店-桐君阁仁秀店,药店,2026-04-12,20,419,21
药店-桐君阁仁秀店,药店,2026-04-12,21,229,16
药店-桐君阁仁秀店,药店,2026-04-12,22,84,0
药店-桐君阁仁秀店,药店,2026-04-12,23,0,0
药店-桐君阁仁秀店,药店,2026-04-13,0,30,0
药店-桐君阁仁秀店,药店,2026-04-13,1,15,0
药店-桐君阁仁秀店,药店,2026-04-13,2,3,0
药店-桐君阁仁秀店,药店,2026-04-13,3,1,0
药店-桐君阁仁秀店,药店,2026-04-13,4,13,0
药店-桐君阁仁秀店,药店,2026-04-13,5,7,0
药店-桐君阁仁秀店,药店,2026-04-13,6,55,0
药店-桐君阁仁秀店,药店,2026-04-13,7,163,1
药店-桐君阁仁秀店,药店,2026-04-13,8,226,8
药店-桐君阁仁秀店,药店,2026-04-13,9,213,5
药店-桐君阁仁秀店,药店,2026-04-13,10,209,6
药店-桐君阁仁秀店,药店,2026-04-13,11,176,11
药店-桐君阁仁秀店,药店,2026-04-13,12,115,3
药店-桐君阁仁秀店,药店,2026-04-13,13,121,6
药店-桐君阁仁秀店,药店,2026-04-13,14,157,10
药店-桐君阁仁秀店,药店,2026-04-13,15,212,7
药店-桐君阁仁秀店,药店,2026-04-13,16,231,9
药店-桐君阁仁秀店,药店,2026-04-13,17,325,8
药店-桐君阁仁秀店,药店,2026-04-13,18,366,16
药店-桐君阁仁秀店,药店,2026-04-13,19,398,20
药店-桐君阁仁秀店,药店,2026-04-13,20,276,16
药店-桐君阁仁秀店,药店,2026-04-13,21,177,0
药店-桐君阁仁秀店,药店,2026-04-13,22,57,0
药店-桐君阁仁秀店,药店,2026-04-13,23,0,0
药店-桐君阁仁秀店,药店,2026-04-14,0,0,0
药店-桐君阁仁秀店,药店,2026-04-14,1,3,0
药店-桐君阁仁秀店,药店,2026-04-14,2,6,0
药店-桐君阁仁秀店,药店,2026-04-14,3,1,0
药店-桐君阁仁秀店,药店,2026-04-14,4,4,0
药店-桐君阁仁秀店,药店,2026-04-14,5,8,0
药店-桐君阁仁秀店,药店,2026-04-14,6,63,0
药店-桐君阁仁秀店,药店,2026-04-14,7,175,0
药店-桐君阁仁秀店,药店,2026-04-14,8,220,4
药店-桐君阁仁秀店,药店,2026-04-14,9,206,11
药店-桐君阁仁秀店,药店,2026-04-14,10,227,11
药店-桐君阁仁秀店,药店,2026-04-14,11,65,0
药店-桐君阁仁秀店,药店,2026-04-14,12,336,25
药店-桐君阁仁秀店,药店,2026-04-14,13,159,5
药店-桐君阁仁秀店,药店,2026-04-14,14,199,5
药店-桐君阁仁秀店,药店,2026-04-14,15,132,7
药店-桐君阁仁秀店,药店,2026-04-14,16,215,7
药店-桐君阁仁秀店,药店,2026-04-14,17,286,6
药店-桐君阁仁秀店,药店,2026-04-14,18,359,9
药店-桐君阁仁秀店,药店,2026-04-14,19,472,9
药店-桐君阁仁秀店,药店,2026-04-14,20,307,24
药店-桐君阁仁秀店,药店,2026-04-14,21,136,0
药店-桐君阁仁秀店,药店,2026-04-14,22,49,0
药店-桐君阁仁秀店,药店,2026-04-14,23,0,0
药店-桐君阁仁秀店,药店,2026-04-15,0,13,0
药店-桐君阁仁秀店,药店,2026-04-15,1,15,0
药店-桐君阁仁秀店,药店,2026-04-15,2,15,0
药店-桐君阁仁秀店,药店,2026-04-15,3,2,0
药店-桐君阁仁秀店,药店,2026-04-15,4,3,0
药店-桐君阁仁秀店,药店,2026-04-15,5,9,0
药店-桐君阁仁秀店,药店,2026-04-15,6,68,0
药店-桐君阁仁秀店,药店,2026-04-15,7,252,1
药店-桐君阁仁秀店,药店,2026-04-15,8,306,10
药店-桐君阁仁秀店,药店,2026-04-15,9,310,9
药店-桐君阁仁秀店,药店,2026-04-15,10,326,10
药店-桐君阁仁秀店,药店,2026-04-15,11,229,7
药店-桐君阁仁秀店,药店,2026-04-15,12,214,0
药店-桐君阁仁秀店,药店,2026-04-15,13,183,16
药店-桐君阁仁秀店,药店,2026-04-15,14,160,5
药店-桐君阁仁秀店,药店,2026-04-15,15,209,5
药店-桐君阁仁秀店,药店,2026-04-15,16,292,9
药店-桐君阁仁秀店,药店,2026-04-15,17,371,5
药店-桐君阁仁秀店,药店,2026-04-15,18,403,9
药店-桐君阁仁秀店,药店,2026-04-15,19,444,16
药店-桐君阁仁秀店,药店,2026-04-15,20,402,17
药店-桐君阁仁秀店,药店,2026-04-15,21,202,0
药店-桐君阁仁秀店,药店,2026-04-15,22,77,0
药店-桐君阁仁秀店,药店,2026-04-15,23,0,0
药店-桐君阁仁秀店,药店,2026-04-16,0,29,0
药店-桐君阁仁秀店,药店,2026-04-16,1,13,0
药店-桐君阁仁秀店,药店,2026-04-16,2,3,0
药店-桐君阁仁秀店,药店,2026-04-16,3,7,0
药店-桐君阁仁秀店,药店,2026-04-16,4,4,0
药店-桐君阁仁秀店,药店,2026-04-16,5,21,0
药店-桐君阁仁秀店,药店,2026-04-16,6,76,0
药店-桐君阁仁秀店,药店,2026-04-16,7,259,0
药店-桐君阁仁秀店,药店,2026-04-16,8,316,6
药店-桐君阁仁秀店,药店,2026-04-16,9,358,16
药店-桐君阁仁秀店,药店,2026-04-16,10,275,7
药店-桐君阁仁秀店,药店,2026-04-16,11,267,4
药店-桐君阁仁秀店,药店,2026-04-16,12,171,2
药店-桐君阁仁秀店,药店,2026-04-16,13,161,7
药店-桐君阁仁秀店,药店,2026-04-16,14,182,4
药店-桐君阁仁秀店,药店,2026-04-16,15,184,2
药店-桐君阁仁秀店,药店,2026-04-16,16,219,6
药店-桐君阁仁秀店,药店,2026-04-16,17,268,8
药店-桐君阁仁秀店,药店,2026-04-16,18,355,12
药店-桐君阁仁秀店,药店,2026-04-16,19,392,12
药店-桐君阁仁秀店,药店,2026-04-16,20,357,28
药店-桐君阁仁秀店,药店,2026-04-16,21,161,3
药店-桐君阁仁秀店,药店,2026-04-16,22,80,0
药店-桐君阁仁秀店,药店,2026-04-16,23,0,0
药店-桐君阁仁秀店,药店,2026-04-17,0,31,0
药店-桐君阁仁秀店,药店,2026-04-17,1,8,0
药店-桐君阁仁秀店,药店,2026-04-17,2,4,0
药店-桐君阁仁秀店,药店,2026-04-17,3,9,0
药店-桐君阁仁秀店,药店,2026-04-17,4,1,0
药店-桐君阁仁秀店,药店,2026-04-17,5,11,0
药店-桐君阁仁秀店,药店,2026-04-17,6,89,0
药店-桐君阁仁秀店,药店,2026-04-17,7,232,1
药店-桐君阁仁秀店,药店,2026-04-17,8,348,11
药店-桐君阁仁秀店,药店,2026-04-17,9,372,7
药店-桐君阁仁秀店,药店,2026-04-17,10,314,11
药店-桐君阁仁秀店,药店,2026-04-17,11,234,3
药店-桐君阁仁秀店,药店,2026-04-17,12,228,1
药店-桐君阁仁秀店,药店,2026-04-17,13,131,6
药店-桐君阁仁秀店,药店,2026-04-17,14,134,5
药店-桐君阁仁秀店,药店,2026-04-17,15,159,5
药店-桐君阁仁秀店,药店,2026-04-17,16,226,7
药店-桐君阁仁秀店,药店,2026-04-17,17,340,9
药店-桐君阁仁秀店,药店,2026-04-17,18,410,7
药店-桐君阁仁秀店,药店,2026-04-17,19,472,14
药店-桐君阁仁秀店,药店,2026-04-17,20,488,22
药店-桐君阁仁秀店,药店,2026-04-17,21,233,16
药店-桐君阁仁秀店,药店,2026-04-17,22,144,0
药店-桐君阁仁秀店,药店,2026-04-17,23,0,0
药店-桐君阁仁秀店,药店,2026-04-18,0,49,0
药店-桐君阁仁秀店,药店,2026-04-18,1,31,0
药店-桐君阁仁秀店,药店,2026-04-18,2,0,0
药店-桐君阁仁秀店,药店,2026-04-18,3,13,0
药店-桐君阁仁秀店,药店,2026-04-18,4,9,0
药店-桐君阁仁秀店,药店,2026-04-18,5,25,0
药店-桐君阁仁秀店,药店,2026-04-18,6,73,0
药店-桐君阁仁秀店,药店,2026-04-18,7,156,0
药店-桐君阁仁秀店,药店,2026-04-18,8,382,20
药店-桐君阁仁秀店,药店,2026-04-18,9,455,14
药店-桐君阁仁秀店,药店,2026-04-18,10,470,17
药店-桐君阁仁秀店,药店,2026-04-18,11,345,7
药店-桐君阁仁秀店,药店,2026-04-18,12,214,3
药店-桐君阁仁秀店,药店,2026-04-18,13,181,2
药店-桐君阁仁秀店,药店,2026-04-18,14,238,12
药店-桐君阁仁秀店,药店,2026-04-18,15,232,9
药店-桐君阁仁秀店,药店,2026-04-18,16,326,11
药店-桐君阁仁秀店,药店,2026-04-18,17,396,7
药店-桐君阁仁秀店,药店,2026-04-18,18,409,13
药店-桐君阁仁秀店,药店,2026-04-18,19,475,22
药店-桐君阁仁秀店,药店,2026-04-18,20,461,17
药店-桐君阁仁秀店,药店,2026-04-18,21,199,9
药店-桐君阁仁秀店,药店,2026-04-18,22,126,0
药店-桐君阁仁秀店,药店,2026-04-18,23,0,0
药店-桐君阁仁秀店,药店,2026-04-19,0,21,0
药店-桐君阁仁秀店,药店,2026-04-19,1,36,0
药店-桐君阁仁秀店,药店,2026-04-19,2,16,0
药店-桐君阁仁秀店,药店,2026-04-19,3,12,0
药店-桐君阁仁秀店,药店,2026-04-19,4,5,0
药店-桐君阁仁秀店,药店,2026-04-19,5,10,0
药店-桐君阁仁秀店,药店,2026-04-19,6,67,0
药店-桐君阁仁秀店,药店,2026-04-19,7,189,3
药店-桐君阁仁秀店,药店,2026-04-19,8,387,17
药店-桐君阁仁秀店,药店,2026-04-19,9,550,20
药店-桐君阁仁秀店,药店,2026-04-19,10,467,9
药店-桐君阁仁秀店,药店,2026-04-19,11,320,10
药店-桐君阁仁秀店,药店,2026-04-19,12,285,5
药店-桐君阁仁秀店,药店,2026-04-19,13,268,19
药店-桐君阁仁秀店,药店,2026-04-19,14,259,3
药店-桐君阁仁秀店,药店,2026-04-19,15,314,4
药店-桐君阁仁秀店,药店,2026-04-19,16,321,17
药店-桐君阁仁秀店,药店,2026-04-19,17,384,25
药店-桐君阁仁秀店,药店,2026-04-19,18,376,14
药店-桐君阁仁秀店,药店,2026-04-19,19,395,25
药店-桐君阁仁秀店,药店,2026-04-19,20,421,18
药店-桐君阁仁秀店,药店,2026-04-19,21,120,6
药店-桐君阁仁秀店,药店,2026-04-19,22,28,0
药店-桐君阁仁秀店,药店,2026-04-19,23,0,0
药店-桐君阁仁秀店,药店,2026-04-20,0,15,0
药店-桐君阁仁秀店,药店,2026-04-20,1,9,0
药店-桐君阁仁秀店,药店,2026-04-20,2,6,0
药店-桐君阁仁秀店,药店,2026-04-20,3,15,0
药店-桐君阁仁秀店,药店,2026-04-20,4,19,0
药店-桐君阁仁秀店,药店,2026-04-20,5,24,0
药店-桐君阁仁秀店,药店,2026-04-20,6,79,0
药店-桐君阁仁秀店,药店,2026-04-20,7,230,1
药店-桐君阁仁秀店,药店,2026-04-20,8,343,15
药店-桐君阁仁秀店,药店,2026-04-20,9,272,7
药店-桐君阁仁秀店,药店,2026-04-20,10,257,12
药店-桐君阁仁秀店,药店,2026-04-20,11,208,10
药店-桐君阁仁秀店,药店,2026-04-20,12,191,9
药店-桐君阁仁秀店,药店,2026-04-20,13,184,7
药店-桐君阁仁秀店,药店,2026-04-20,14,190,7
药店-桐君阁仁秀店,药店,2026-04-20,15,210,8
药店-桐君阁仁秀店,药店,2026-04-20,16,205,11
药店-桐君阁仁秀店,药店,2026-04-20,17,350,18
药店-桐君阁仁秀店,药店,2026-04-20,18,368,8
药店-桐君阁仁秀店,药店,2026-04-20,19,401,12
药店-桐君阁仁秀店,药店,2026-04-20,20,330,18
药店-桐君阁仁秀店,药店,2026-04-20,21,189,12
药店-桐君阁仁秀店,药店,2026-04-20,22,87,0
药店-桐君阁仁秀店,药店,2026-04-20,23,0,0
药店-桐君阁仁秀店,药店,2026-04-21,0,16,0
药店-桐君阁仁秀店,药店,2026-04-21,1,25,0
药店-桐君阁仁秀店,药店,2026-04-21,2,12,0
药店-桐君阁仁秀店,药店,2026-04-21,3,12,0
药店-桐君阁仁秀店,药店,2026-04-21,4,15,0
药店-桐君阁仁秀店,药店,2026-04-21,5,13,0
药店-桐君阁仁秀店,药店,2026-04-21,6,63,0
药店-桐君阁仁秀店,药店,2026-04-21,7,202,0
药店-桐君阁仁秀店,药店,2026-04-21,8,215,8
药店-桐君阁仁秀店,药店,2026-04-21,9,243,6
药店-桐君阁仁秀店,药店,2026-04-21,10,226,8
药店-桐君阁仁秀店,药店,2026-04-21,11,177,11
药店-桐君阁仁秀店,药店,2026-04-21,12,134,3
药店-桐君阁仁秀店,药店,2026-04-21,13,172,4
药店-桐君阁仁秀店,药店,2026-04-21,14,199,11
药店-桐君阁仁秀店,药店,2026-04-21,15,249,9
药店-桐君阁仁秀店,药店,2026-04-21,16,252,7
药店-桐君阁仁秀店,药店,2026-04-21,17,321,12
药店-桐君阁仁秀店,药店,2026-04-21,18,321,16
药店-桐君阁仁秀店,药店,2026-04-21,19,367,14
药店-桐君阁仁秀店,药店,2026-04-21,20,331,20
药店-桐君阁仁秀店,药店,2026-04-21,21,168,7
药店-桐君阁仁秀店,药店,2026-04-21,22,77,0
药店-桐君阁仁秀店,药店,2026-04-21,23,0,0
药店-桐君阁仁秀店,药店,2026-04-22,0,20,0
药店-桐君阁仁秀店,药店,2026-04-22,1,9,0
药店-桐君阁仁秀店,药店,2026-04-22,2,8,0
药店-桐君阁仁秀店,药店,2026-04-22,3,9,0
药店-桐君阁仁秀店,药店,2026-04-22,4,12,0
药店-桐君阁仁秀店,药店,2026-04-22,5,13,0
药店-桐君阁仁秀店,药店,2026-04-22,6,82,0
药店-桐君阁仁秀店,药店,2026-04-22,7,237,0
药店-桐君阁仁秀店,药店,2026-04-22,8,344,12
药店-桐君阁仁秀店,药店,2026-04-22,9,361,10
药店-桐君阁仁秀店,药店,2026-04-22,10,294,7
药店-桐君阁仁秀店,药店,2026-04-22,11,209,8
药店-桐君阁仁秀店,药店,2026-04-22,12,176,7
药店-桐君阁仁秀店,药店,2026-04-22,13,189,3
药店-桐君阁仁秀店,药店,2026-04-22,14,203,9
药店-桐君阁仁秀店,药店,2026-04-22,15,193,4
药店-桐君阁仁秀店,药店,2026-04-22,16,245,9
药店-桐君阁仁秀店,药店,2026-04-22,17,419,16
药店-桐君阁仁秀店,药店,2026-04-22,18,407,6
药店-桐君阁仁秀店,药店,2026-04-22,19,401,13
药店-桐君阁仁秀店,药店,2026-04-22,20,433,22
药店-桐君阁仁秀店,药店,2026-04-22,21,199,8
药店-桐君阁仁秀店,药店,2026-04-22,22,75,0
药店-桐君阁仁秀店,药店,2026-04-22,23,0,0
药店-桐君阁仁秀店,药店,2026-04-23,0,24,0
药店-桐君阁仁秀店,药店,2026-04-23,1,20,0
药店-桐君阁仁秀店,药店,2026-04-23,2,14,0
药店-桐君阁仁秀店,药店,2026-04-23,3,8,0
药店-桐君阁仁秀店,药店,2026-04-23,4,23,0
药店-桐君阁仁秀店,药店,2026-04-23,5,11,0
药店-桐君阁仁秀店,药店,2026-04-23,6,90,0
药店-桐君阁仁秀店,药店,2026-04-23,7,245,0
药店-桐君阁仁秀店,药店,2026-04-23,8,332,6
药店-桐君阁仁秀店,药店,2026-04-23,9,350,10
药店-桐君阁仁秀店,药店,2026-04-23,10,237,13
药店-桐君阁仁秀店,药店,2026-04-23,11,205,6
药店-桐君阁仁秀店,药店,2026-04-23,12,170,8
药店-桐君阁仁秀店,药店,2026-04-23,13,118,4
药店-桐君阁仁秀店,药店,2026-04-23,14,143,6
药店-桐君阁仁秀店,药店,2026-04-23,15,179,3
药店-桐君阁仁秀店,药店,2026-04-23,16,193,5
药店-桐君阁仁秀店,药店,2026-04-23,17,303,7
药店-桐君阁仁秀店,药店,2026-04-23,18,362,4
药店-桐君阁仁秀店,药店,2026-04-23,19,413,26
药店-桐君阁仁秀店,药店,2026-04-23,20,375,25
药店-桐君阁仁秀店,药店,2026-04-23,21,150,14
药店-桐君阁仁秀店,药店,2026-04-23,22,71,0
药店-桐君阁仁秀店,药店,2026-04-23,23,0,0
药店-桐君阁仁秀店,药店,2026-04-24,0,27,0
药店-桐君阁仁秀店,药店,2026-04-24,1,8,0
药店-桐君阁仁秀店,药店,2026-04-24,2,16,0
药店-桐君阁仁秀店,药店,2026-04-24,3,12,0
药店-桐君阁仁秀店,药店,2026-04-24,4,9,0
药店-桐君阁仁秀店,药店,2026-04-24,5,11,0
药店-桐君阁仁秀店,药店,2026-04-24,6,56,0
药店-桐君阁仁秀店,药店,2026-04-24,7,216,1
药店-桐君阁仁秀店,药店,2026-04-24,8,366,3
药店-桐君阁仁秀店,药店,2026-04-24,9,321,11
药店-桐君阁仁秀店,药店,2026-04-24,10,310,3
药店-桐君阁仁秀店,药店,2026-04-24,11,225,7
药店-桐君阁仁秀店,药店,2026-04-24,12,156,4
药店-桐君阁仁秀店,药店,2026-04-24,13,153,5
药店-桐君阁仁秀店,药店,2026-04-24,14,133,6
药店-桐君阁仁秀店,药店,2026-04-24,15,194,5
药店-桐君阁仁秀店,药店,2026-04-24,16,201,11
药店-桐君阁仁秀店,药店,2026-04-24,17,318,8
药店-桐君阁仁秀店,药店,2026-04-24,18,371,17
药店-桐君阁仁秀店,药店,2026-04-24,19,486,22
药店-桐君阁仁秀店,药店,2026-04-24,20,84,0
药店-桐君阁仁秀店,药店,2026-04-24,21,186,43
药店-桐君阁仁秀店,药店,2026-04-24,22,125,0
药店-桐君阁仁秀店,药店,2026-04-24,23,0,0
药店-桐君阁仁秀店,药店,2026-04-25,0,42,0
药店-桐君阁仁秀店,药店,2026-04-25,1,19,0
药店-桐君阁仁秀店,药店,2026-04-25,2,20,0
药店-桐君阁仁秀店,药店,2026-04-25,3,4,0
药店-桐君阁仁秀店,药店,2026-04-25,4,19,0
药店-桐君阁仁秀店,药店,2026-04-25,5,18,0
药店-桐君阁仁秀店,药店,2026-04-25,6,83,0
药店-桐君阁仁秀店,药店,2026-04-25,7,181,1
药店-桐君阁仁秀店,药店,2026-04-25,8,336,10
药店-桐君阁仁秀店,药店,2026-04-25,9,541,14
药店-桐君阁仁秀店,药店,2026-04-25,10,396,12
药店-桐君阁仁秀店,药店,2026-04-25,11,319,7
药店-桐君阁仁秀店,药店,2026-04-25,12,208,3
药店-桐君阁仁秀店,药店,2026-04-25,13,198,9
药店-桐君阁仁秀店,药店,2026-04-25,14,176,3
药店-桐君阁仁秀店,药店,2026-04-25,15,192,13
药店-桐君阁仁秀店,药店,2026-04-25,16,283,11
药店-桐君阁仁秀店,药店,2026-04-25,17,394,12
药店-桐君阁仁秀店,药店,2026-04-25,18,443,12
药店-桐君阁仁秀店,药店,2026-04-25,19,517,17
药店-桐君阁仁秀店,药店,2026-04-25,20,487,42
药店-桐君阁仁秀店,药店,2026-04-25,21,259,13
药店-桐君阁仁秀店,药店,2026-04-25,22,131,0
药店-桐君阁仁秀店,药店,2026-04-25,23,0,0
药店-桐君阁仁秀店,药店,2026-04-27,0,26,0
药店-桐君阁仁秀店,药店,2026-04-27,1,24,0
药店-桐君阁仁秀店,药店,2026-04-27,2,25,0
药店-桐君阁仁秀店,药店,2026-04-27,3,14,0
药店-桐君阁仁秀店,药店,2026-04-27,4,5,0
药店-桐君阁仁秀店,药店,2026-04-27,5,14,0
药店-桐君阁仁秀店,药店,2026-04-27,6,34,0
药店-桐君阁仁秀店,药店,2026-04-27,7,161,0
药店-桐君阁仁秀店,药店,2026-04-27,8,203,8
药店-桐君阁仁秀店,药店,2026-04-27,9,224,10
药店-桐君阁仁秀店,药店,2026-04-27,10,207,11
药店-桐君阁仁秀店,药店,2026-04-27,11,163,6
药店-桐君阁仁秀店,药店,2026-04-27,12,158,3
药店-桐君阁仁秀店,药店,2026-04-27,13,108,2
药店-桐君阁仁秀店,药店,2026-04-27,14,114,3
药店-桐君阁仁秀店,药店,2026-04-27,15,124,8
药店-桐君阁仁秀店,药店,2026-04-27,16,127,4
药店-桐君阁仁秀店,药店,2026-04-27,17,222,11
药店-桐君阁仁秀店,药店,2026-04-27,18,213,13
药店-桐君阁仁秀店,药店,2026-04-27,19,277,30
药店-桐君阁仁秀店,药店,2026-04-27,20,207,17
药店-桐君阁仁秀店,药店,2026-04-27,21,139,0
药店-桐君阁仁秀店,药店,2026-04-27,22,44,0
药店-桐君阁仁秀店,药店,2026-04-27,23,0,0
药店-桐君阁仁秀店,药店,2026-04-28,0,18,0
药店-桐君阁仁秀店,药店,2026-04-28,1,29,0
药店-桐君阁仁秀店,药店,2026-04-28,2,18,0
药店-桐君阁仁秀店,药店,2026-04-28,3,12,0
药店-桐君阁仁秀店,药店,2026-04-28,4,10,0
药店-桐君阁仁秀店,药店,2026-04-28,5,17,0
药店-桐君阁仁秀店,药店,2026-04-28,6,53,0
药店-桐君阁仁秀店,药店,2026-04-28,7,187,0
药店-桐君阁仁秀店,药店,2026-04-28,8,210,7
药店-桐君阁仁秀店,药店,2026-04-28,9,178,6
药店-桐君阁仁秀店,药店,2026-04-28,10,114,5
药店-桐君阁仁秀店,药店,2026-04-28,11,117,5
药店-桐君阁仁秀店,药店,2026-04-28,12,94,3
药店-桐君阁仁秀店,药店,2026-04-28,13,90,5
药店-桐君阁仁秀店,药店,2026-04-28,14,88,5
药店-桐君阁仁秀店,药店,2026-04-28,15,111,8
药店-桐君阁仁秀店,药店,2026-04-28,16,113,1
药店-桐君阁仁秀店,药店,2026-04-28,17,150,8
药店-桐君阁仁秀店,药店,2026-04-28,18,192,8
药店-桐君阁仁秀店,药店,2026-04-28,19,133,16
药店-桐君阁仁秀店,药店,2026-04-28,20,82,5
药店-桐君阁仁秀店,药店,2026-04-28,21,58,5
药店-桐君阁仁秀店,药店,2026-04-28,22,54,0
药店-桐君阁仁秀店,药店,2026-04-28,23,0,0
药店-桐君阁仁秀店,药店,2026-04-29,0,11,0
药店-桐君阁仁秀店,药店,2026-04-29,1,18,0
药店-桐君阁仁秀店,药店,2026-04-29,2,12,0
药店-桐君阁仁秀店,药店,2026-04-29,3,21,0
药店-桐君阁仁秀店,药店,2026-04-29,4,21,0
药店-桐君阁仁秀店,药店,2026-04-29,5,23,0
药店-桐君阁仁秀店,药店,2026-04-29,6,93,0
药店-桐君阁仁秀店,药店,2026-04-29,7,185,0
药店-桐君阁仁秀店,药店,2026-04-29,8,264,15
药店-桐君阁仁秀店,药店,2026-04-29,9,305,20
药店-桐君阁仁秀店,药店,2026-04-29,10,336,26
药店-桐君阁仁秀店,药店,2026-04-29,11,257,11
药店-桐君阁仁秀店,药店,2026-04-29,12,217,9
药店-桐君阁仁秀店,药店,2026-04-29,13,199,13
药店-桐君阁仁秀店,药店,2026-04-29,14,193,11
药店-桐君阁仁秀店,药店,2026-04-29,15,241,9
药店-桐君阁仁秀店,药店,2026-04-29,16,250,6
药店-桐君阁仁秀店,药店,2026-04-29,17,364,18
药店-桐君阁仁秀店,药店,2026-04-29,18,391,13
药店-桐君阁仁秀店,药店,2026-04-29,19,478,18
药店-桐君阁仁秀店,药店,2026-04-29,20,383,16
药店-桐君阁仁秀店,药店,2026-04-29,21,243,6
药店-桐君阁仁秀店,药店,2026-04-29,22,92,0
药店-桐君阁仁秀店,药店,2026-04-29,23,53,0
药店-桐君阁仁秀店,药店,2026-04-30,0,36,0
药店-桐君阁仁秀店,药店,2026-04-30,1,23,0
药店-桐君阁仁秀店,药店,2026-04-30,2,27,0
药店-桐君阁仁秀店,药店,2026-04-30,3,14,0
药店-桐君阁仁秀店,药店,2026-04-30,4,14,0
药店-桐君阁仁秀店,药店,2026-04-30,5,14,0
药店-桐君阁仁秀店,药店,2026-04-30,6,83,0
药店-桐君阁仁秀店,药店,2026-04-30,7,262,0
药店-桐君阁仁秀店,药店,2026-04-30,8,354,6
药店-桐君阁仁秀店,药店,2026-04-30,9,362,8
药店-桐君阁仁秀店,药店,2026-04-30,10,319,8
药店-桐君阁仁秀店,药店,2026-04-30,11,243,8
药店-桐君阁仁秀店,药店,2026-04-30,12,180,3
药店-桐君阁仁秀店,药店,2026-04-30,13,93,5
药店-桐君阁仁秀店,药店,2026-04-30,14,163,7
药店-桐君阁仁秀店,药店,2026-04-30,15,222,13
药店-桐君阁仁秀店,药店,2026-04-30,16,245,9
药店-桐君阁仁秀店,药店,2026-04-30,17,318,9
药店-桐君阁仁秀店,药店,2026-04-30,18,433,16
药店-桐君阁仁秀店,药店,2026-04-30,19,449,17
药店-桐君阁仁秀店,药店,2026-04-30,20,445,22
药店-桐君阁仁秀店,药店,2026-04-30,21,305,17
药店-桐君阁仁秀店,药店,2026-04-30,22,153,6
药店-桐君阁仁秀店,药店,2026-04-30,23,0,0
药店-桐君阁启航店,药店,2026-03-27,0,18,0
药店-桐君阁启航店,药店,2026-03-27,1,27,0
药店-桐君阁启航店,药店,2026-03-27,2,3,0
药店-桐君阁启航店,药店,2026-03-27,3,2,0
药店-桐君阁启航店,药店,2026-03-27,4,8,0
药店-桐君阁启航店,药店,2026-03-27,5,21,0
药店-桐君阁启航店,药店,2026-03-27,6,156,0
药店-桐君阁启航店,药店,2026-03-27,7,787,1
药店-桐君阁启航店,药店,2026-03-27,8,726,2
药店-桐君阁启航店,药店,2026-03-27,9,692,10
药店-桐君阁启航店,药店,2026-03-27,10,495,4
药店-桐君阁启航店,药店,2026-03-27,11,287,3
药店-桐君阁启航店,药店,2026-03-27,12,332,3
药店-桐君阁启航店,药店,2026-03-27,13,242,1
药店-桐君阁启航店,药店,2026-03-27,14,264,4
药店-桐君阁启航店,药店,2026-03-27,15,1526,2
药店-桐君阁启航店,药店,2026-03-27,16,876,6
药店-桐君阁启航店,药店,2026-03-27,17,592,6
药店-桐君阁启航店,药店,2026-03-27,18,590,8
药店-桐君阁启航店,药店,2026-03-27,19,406,12
药店-桐君阁启航店,药店,2026-03-27,20,314,5
药店-桐君阁启航店,药店,2026-03-27,21,213,3
药店-桐君阁启航店,药店,2026-03-27,22,81,0
药店-桐君阁启航店,药店,2026-03-27,23,0,0
药店-桐君阁启航店,药店,2026-03-28,0,32,0
药店-桐君阁启航店,药店,2026-03-28,1,18,0
药店-桐君阁启航店,药店,2026-03-28,2,5,0
药店-桐君阁启航店,药店,2026-03-28,3,10,0
药店-桐君阁启航店,药店,2026-03-28,4,1,0
药店-桐君阁启航店,药店,2026-03-28,5,24,0
药店-桐君阁启航店,药店,2026-03-28,6,89,0
药店-桐君阁启航店,药店,2026-03-28,7,232,0
药店-桐君阁启航店,药店,2026-03-28,8,486,1
药店-桐君阁启航店,药店,2026-03-28,9,563,2
药店-桐君阁启航店,药店,2026-03-28,10,430,5
药店-桐君阁启航店,药店,2026-03-28,11,329,0
药店-桐君阁启航店,药店,2026-03-28,12,377,4
药店-桐君阁启航店,药店,2026-03-28,13,450,2
药店-桐君阁启航店,药店,2026-03-28,14,395,2
药店-桐君阁启航店,药店,2026-03-28,15,466,6
药店-桐君阁启航店,药店,2026-03-28,16,538,7
药店-桐君阁启航店,药店,2026-03-28,17,629,5
药店-桐君阁启航店,药店,2026-03-28,18,634,5
药店-桐君阁启航店,药店,2026-03-28,19,500,4
药店-桐君阁启航店,药店,2026-03-28,20,311,6
药店-桐君阁启航店,药店,2026-03-28,21,213,2
药店-桐君阁启航店,药店,2026-03-28,22,148,0
药店-桐君阁启航店,药店,2026-03-28,23,0,0
药店-桐君阁启航店,药店,2026-03-29,0,32,0
药店-桐君阁启航店,药店,2026-03-29,1,16,0
药店-桐君阁启航店,药店,2026-03-29,2,19,0
药店-桐君阁启航店,药店,2026-03-29,3,2,0
药店-桐君阁启航店,药店,2026-03-29,4,4,0
药店-桐君阁启航店,药店,2026-03-29,5,28,0
药店-桐君阁启航店,药店,2026-03-29,6,84,0
药店-桐君阁启航店,药店,2026-03-29,7,296,1
药店-桐君阁启航店,药店,2026-03-29,8,604,7
药店-桐君阁启航店,药店,2026-03-29,9,813,7
药店-桐君阁启航店,药店,2026-03-29,10,737,9
药店-桐君阁启航店,药店,2026-03-29,11,468,6
药店-桐君阁启航店,药店,2026-03-29,12,435,1
药店-桐君阁启航店,药店,2026-03-29,13,429,3
药店-桐君阁启航店,药店,2026-03-29,14,473,6
药店-桐君阁启航店,药店,2026-03-29,15,629,2
药店-桐君阁启航店,药店,2026-03-29,16,884,8
药店-桐君阁启航店,药店,2026-03-29,17,1056,3
药店-桐君阁启航店,药店,2026-03-29,18,632,6
药店-桐君阁启航店,药店,2026-03-29,19,622,9
药店-桐君阁启航店,药店,2026-03-29,20,529,5
药店-桐君阁启航店,药店,2026-03-29,21,198,0
药店-桐君阁启航店,药店,2026-03-29,22,86,0
药店-桐君阁启航店,药店,2026-03-29,23,0,0
药店-桐君阁启航店,药店,2026-03-30,0,18,0
药店-桐君阁启航店,药店,2026-03-30,1,20,0
药店-桐君阁启航店,药店,2026-03-30,2,12,0
药店-桐君阁启航店,药店,2026-03-30,3,2,0
药店-桐君阁启航店,药店,2026-03-30,4,10,0
药店-桐君阁启航店,药店,2026-03-30,5,36,0
药店-桐君阁启航店,药店,2026-03-30,6,160,0
药店-桐君阁启航店,药店,2026-03-30,7,740,0
药店-桐君阁启航店,药店,2026-03-30,8,704,4
药店-桐君阁启航店,药店,2026-03-30,9,628,6
药店-桐君阁启航店,药店,2026-03-30,10,459,8
药店-桐君阁启航店,药店,2026-03-30,11,338,4
药店-桐君阁启航店,药店,2026-03-30,12,335,2
药店-桐君阁启航店,药店,2026-03-30,13,284,3
药店-桐君阁启航店,药店,2026-03-30,14,243,3
药店-桐君阁启航店,药店,2026-03-30,15,339,5
药店-桐君阁启航店,药店,2026-03-30,16,600,7
药店-桐君阁启航店,药店,2026-03-30,17,628,5
药店-桐君阁启航店,药店,2026-03-30,18,645,7
药店-桐君阁启航店,药店,2026-03-30,19,627,15
药店-桐君阁启航店,药店,2026-03-30,20,444,7
药店-桐君阁启航店,药店,2026-03-30,21,177,4
药店-桐君阁启航店,药店,2026-03-30,22,60,0
药店-桐君阁启航店,药店,2026-03-30,23,0,0
药店-桐君阁启航店,药店,2026-03-31,0,18,0
药店-桐君阁启航店,药店,2026-03-31,1,16,0
药店-桐君阁启航店,药店,2026-03-31,2,5,0
药店-桐君阁启航店,药店,2026-03-31,3,1,0
药店-桐君阁启航店,药店,2026-03-31,4,2,0
药店-桐君阁启航店,药店,2026-03-31,5,33,0
药店-桐君阁启航店,药店,2026-03-31,6,131,0
药店-桐君阁启航店,药店,2026-03-31,7,658,0
药店-桐君阁启航店,药店,2026-03-31,8,674,11
药店-桐君阁启航店,药店,2026-03-31,9,595,2
药店-桐君阁启航店,药店,2026-03-31,10,436,3
药店-桐君阁启航店,药店,2026-03-31,11,348,5
药店-桐君阁启航店,药店,2026-03-31,12,274,3
药店-桐君阁启航店,药店,2026-03-31,13,237,2
药店-桐君阁启航店,药店,2026-03-31,14,280,3
药店-桐君阁启航店,药店,2026-03-31,15,351,3
药店-桐君阁启航店,药店,2026-03-31,16,617,3
药店-桐君阁启航店,药店,2026-03-31,17,726,2
药店-桐君阁启航店,药店,2026-03-31,18,645,6
药店-桐君阁启航店,药店,2026-03-31,19,673,5
药店-桐君阁启航店,药店,2026-03-31,20,550,13
药店-桐君阁启航店,药店,2026-03-31,21,248,4
药店-桐君阁启航店,药店,2026-03-31,22,94,0
药店-桐君阁启航店,药店,2026-03-31,23,0,0
药店-桐君阁启航店,药店,2026-04-01,0,3,0
药店-桐君阁启航店,药店,2026-04-01,1,19,0
药店-桐君阁启航店,药店,2026-04-01,2,15,0
药店-桐君阁启航店,药店,2026-04-01,3,10,0
药店-桐君阁启航店,药店,2026-04-01,4,11,0
药店-桐君阁启航店,药店,2026-04-01,5,30,0
药店-桐君阁启航店,药店,2026-04-01,6,150,0
药店-桐君阁启航店,药店,2026-04-01,7,763,2
药店-桐君阁启航店,药店,2026-04-01,8,694,2
药店-桐君阁启航店,药店,2026-04-01,9,655,4
药店-桐君阁启航店,药店,2026-04-01,10,499,5
药店-桐君阁启航店,药店,2026-04-01,11,314,4
药店-桐君阁启航店,药店,2026-04-01,12,241,1
药店-桐君阁启航店,药店,2026-04-01,13,281,0
药店-桐君阁启航店,药店,2026-04-01,14,272,4
药店-桐君阁启航店,药店,2026-04-01,15,352,7
药店-桐君阁启航店,药店,2026-04-01,16,544,4
药店-桐君阁启航店,药店,2026-04-01,17,641,5
药店-桐君阁启航店,药店,2026-04-01,18,626,8
药店-桐君阁启航店,药店,2026-04-01,19,619,10
药店-桐君阁启航店,药店,2026-04-01,20,499,9
药店-桐君阁启航店,药店,2026-04-01,21,251,3
药店-桐君阁启航店,药店,2026-04-01,22,103,2
药店-桐君阁启航店,药店,2026-04-01,23,0,0
药店-桐君阁启航店,药店,2026-04-02,0,17,0
药店-桐君阁启航店,药店,2026-04-02,1,16,0
药店-桐君阁启航店,药店,2026-04-02,2,19,0
药店-桐君阁启航店,药店,2026-04-02,3,5,0
药店-桐君阁启航店,药店,2026-04-02,4,7,0
药店-桐君阁启航店,药店,2026-04-02,5,29,0
药店-桐君阁启航店,药店,2026-04-02,6,141,0
药店-桐君阁启航店,药店,2026-04-02,7,715,0
药店-桐君阁启航店,药店,2026-04-02,8,680,5
药店-桐君阁启航店,药店,2026-04-02,9,537,8
药店-桐君阁启航店,药店,2026-04-02,10,436,9
药店-桐君阁启航店,药店,2026-04-02,11,402,6
药店-桐君阁启航店,药店,2026-04-02,12,291,3
药店-桐君阁启航店,药店,2026-04-02,13,250,6
药店-桐君阁启航店,药店,2026-04-02,14,291,2
药店-桐君阁启航店,药店,2026-04-02,15,363,2
药店-桐君阁启航店,药店,2026-04-02,16,603,4
药店-桐君阁启航店,药店,2026-04-02,17,596,6
药店-桐君阁启航店,药店,2026-04-02,18,680,9
药店-桐君阁启航店,药店,2026-04-02,19,544,9
药店-桐君阁启航店,药店,2026-04-02,20,497,4
药店-桐君阁启航店,药店,2026-04-02,21,224,2
药店-桐君阁启航店,药店,2026-04-02,22,112,1
药店-桐君阁启航店,药店,2026-04-02,23,0,0
药店-桐君阁启航店,药店,2026-04-03,0,27,0
药店-桐君阁启航店,药店,2026-04-03,1,25,0
药店-桐君阁启航店,药店,2026-04-03,2,7,0
药店-桐君阁启航店,药店,2026-04-03,3,1,0
药店-桐君阁启航店,药店,2026-04-03,4,8,0
药店-桐君阁启航店,药店,2026-04-03,5,44,0
药店-桐君阁启航店,药店,2026-04-03,6,143,0
药店-桐君阁启航店,药店,2026-04-03,7,652,0
药店-桐君阁启航店,药店,2026-04-03,8,634,5
药店-桐君阁启航店,药店,2026-04-03,9,650,6
药店-桐君阁启航店,药店,2026-04-03,10,579,1
药店-桐君阁启航店,药店,2026-04-03,11,382,2
药店-桐君阁启航店,药店,2026-04-03,12,319,8
药店-桐君阁启航店,药店,2026-04-03,13,342,1
药店-桐君阁启航店,药店,2026-04-03,14,341,5
药店-桐君阁启航店,药店,2026-04-03,15,1759,4
药店-桐君阁启航店,药店,2026-04-03,16,897,5
药店-桐君阁启航店,药店,2026-04-03,17,766,2
药店-桐君阁启航店,药店,2026-04-03,18,625,7
药店-桐君阁启航店,药店,2026-04-03,19,659,7
药店-桐君阁启航店,药店,2026-04-03,20,505,7
药店-桐君阁启航店,药店,2026-04-03,21,258,5
药店-桐君阁启航店,药店,2026-04-03,22,138,2
药店-桐君阁启航店,药店,2026-04-03,23,0,0
药店-桐君阁启航店,药店,2026-04-04,0,31,0
药店-桐君阁启航店,药店,2026-04-04,1,25,0
药店-桐君阁启航店,药店,2026-04-04,2,17,0
药店-桐君阁启航店,药店,2026-04-04,3,7,0
药店-桐君阁启航店,药店,2026-04-04,4,16,0
药店-桐君阁启航店,药店,2026-04-04,5,33,0
药店-桐君阁启航店,药店,2026-04-04,6,106,0
药店-桐君阁启航店,药店,2026-04-04,7,338,0
药店-桐君阁启航店,药店,2026-04-04,8,622,3
药店-桐君阁启航店,药店,2026-04-04,9,734,14
药店-桐君阁启航店,药店,2026-04-04,10,565,5
药店-桐君阁启航店,药店,2026-04-04,11,439,3
药店-桐君阁启航店,药店,2026-04-04,12,381,4
药店-桐君阁启航店,药店,2026-04-04,13,351,4
药店-桐君阁启航店,药店,2026-04-04,14,374,7
药店-桐君阁启航店,药店,2026-04-04,15,351,0
药店-桐君阁启航店,药店,2026-04-04,16,480,10
药店-桐君阁启航店,药店,2026-04-04,17,526,4
药店-桐君阁启航店,药店,2026-04-04,18,473,11
药店-桐君阁启航店,药店,2026-04-04,19,526,9
药店-桐君阁启航店,药店,2026-04-04,20,403,4
药店-桐君阁启航店,药店,2026-04-04,21,198,4
药店-桐君阁启航店,药店,2026-04-04,22,146,1
药店-桐君阁启航店,药店,2026-04-04,23,0,0
药店-桐君阁启航店,药店,2026-04-05,0,29,0
药店-桐君阁启航店,药店,2026-04-05,1,22,0
药店-桐君阁启航店,药店,2026-04-05,2,10,0
药店-桐君阁启航店,药店,2026-04-05,3,4,0
药店-桐君阁启航店,药店,2026-04-05,4,0,0
药店-桐君阁启航店,药店,2026-04-05,5,27,0
药店-桐君阁启航店,药店,2026-04-05,6,80,0
药店-桐君阁启航店,药店,2026-04-05,7,269,0
药店-桐君阁启航店,药店,2026-04-05,8,462,4
药店-桐君阁启航店,药店,2026-04-05,9,648,9
药店-桐君阁启航店,药店,2026-04-05,10,562,2
药店-桐君阁启航店,药店,2026-04-05,11,465,2
药店-桐君阁启航店,药店,2026-04-05,12,395,0
药店-桐君阁启航店,药店,2026-04-05,13,486,2
药店-桐君阁启航店,药店,2026-04-05,14,402,8
药店-桐君阁启航店,药店,2026-04-05,15,412,5
药店-桐君阁启航店,药店,2026-04-05,16,505,3
药店-桐君阁启航店,药店,2026-04-05,17,525,2
药店-桐君阁启航店,药店,2026-04-05,18,638,5
药店-桐君阁启航店,药店,2026-04-05,19,609,18
药店-桐君阁启航店,药店,2026-04-05,20,432,11
药店-桐君阁启航店,药店,2026-04-05,21,315,7
药店-桐君阁启航店,药店,2026-04-05,22,125,0
药店-桐君阁启航店,药店,2026-04-05,23,0,0
药店-桐君阁启航店,药店,2026-04-06,0,26,0
药店-桐君阁启航店,药店,2026-04-06,1,6,0
药店-桐君阁启航店,药店,2026-04-06,2,1,0
药店-桐君阁启航店,药店,2026-04-06,3,5,0
药店-桐君阁启航店,药店,2026-04-06,4,11,0
药店-桐君阁启航店,药店,2026-04-06,5,20,0
药店-桐君阁启航店,药店,2026-04-06,6,90,0
药店-桐君阁启航店,药店,2026-04-06,7,199,1
药店-桐君阁启航店,药店,2026-04-06,8,293,0
药店-桐君阁启航店,药店,2026-04-06,9,485,4
药店-桐君阁启航店,药店,2026-04-06,10,515,5
药店-桐君阁启航店,药店,2026-04-06,11,345,1
药店-桐君阁启航店,药店,2026-04-06,12,343,0
药店-桐君阁启航店,药店,2026-04-06,13,342,0
药店-桐君阁启航店,药店,2026-04-06,14,421,3
药店-桐君阁启航店,药店,2026-04-06,15,575,0
药店-桐君阁启航店,药店,2026-04-06,16,926,9
药店-桐君阁启航店,药店,2026-04-06,17,1051,5
药店-桐君阁启航店,药店,2026-04-06,18,594,3
药店-桐君阁启航店,药店,2026-04-06,19,568,9
药店-桐君阁启航店,药店,2026-04-06,20,608,3
药店-桐君阁启航店,药店,2026-04-06,21,226,3
药店-桐君阁启航店,药店,2026-04-06,22,93,0
药店-桐君阁启航店,药店,2026-04-06,23,59,0
药店-桐君阁启航店,药店,2026-04-07,0,25,0
药店-桐君阁启航店,药店,2026-04-07,1,12,0
药店-桐君阁启航店,药店,2026-04-07,2,12,0
药店-桐君阁启航店,药店,2026-04-07,3,4,0
药店-桐君阁启航店,药店,2026-04-07,4,16,0
药店-桐君阁启航店,药店,2026-04-07,5,26,0
药店-桐君阁启航店,药店,2026-04-07,6,146,0
药店-桐君阁启航店,药店,2026-04-07,7,641,0
药店-桐君阁启航店,药店,2026-04-07,8,616,2
药店-桐君阁启航店,药店,2026-04-07,9,653,1
药店-桐君阁启航店,药店,2026-04-07,10,568,11
药店-桐君阁启航店,药店,2026-04-07,11,383,2
药店-桐君阁启航店,药店,2026-04-07,12,367,1
药店-桐君阁启航店,药店,2026-04-07,13,332,4
药店-桐君阁启航店,药店,2026-04-07,14,418,4
药店-桐君阁启航店,药店,2026-04-07,15,411,3
药店-桐君阁启航店,药店,2026-04-07,16,649,2
药店-桐君阁启航店,药店,2026-04-07,17,593,4
药店-桐君阁启航店,药店,2026-04-07,18,584,6
药店-桐君阁启航店,药店,2026-04-07,19,614,10
药店-桐君阁启航店,药店,2026-04-07,20,572,9
药店-桐君阁启航店,药店,2026-04-07,21,224,4
药店-桐君阁启航店,药店,2026-04-07,22,110,0
药店-桐君阁启航店,药店,2026-04-07,23,0,0
药店-桐君阁启航店,药店,2026-04-08,0,22,0
药店-桐君阁启航店,药店,2026-04-08,1,9,0
药店-桐君阁启航店,药店,2026-04-08,2,17,0
药店-桐君阁启航店,药店,2026-04-08,3,3,0
药店-桐君阁启航店,药店,2026-04-08,4,10,0
药店-桐君阁启航店,药店,2026-04-08,5,45,0
药店-桐君阁启航店,药店,2026-04-08,6,151,0
药店-桐君阁启航店,药店,2026-04-08,7,743,0
药店-桐君阁启航店,药店,2026-04-08,8,673,3
药店-桐君阁启航店,药店,2026-04-08,9,608,6
药店-桐君阁启航店,药店,2026-04-08,10,456,8
药店-桐君阁启航店,药店,2026-04-08,11,333,12
药店-桐君阁启航店,药店,2026-04-08,12,270,5
药店-桐君阁启航店,药店,2026-04-08,13,281,3
药店-桐君阁启航店,药店,2026-04-08,14,257,3
药店-桐君阁启航店,药店,2026-04-08,15,316,3
药店-桐君阁启航店,药店,2026-04-08,16,631,11
药店-桐君阁启航店,药店,2026-04-08,17,719,10
药店-桐君阁启航店,药店,2026-04-08,18,643,6
药店-桐君阁启航店,药店,2026-04-08,19,595,5
药店-桐君阁启航店,药店,2026-04-08,20,620,9
药店-桐君阁启航店,药店,2026-04-08,21,228,6
药店-桐君阁启航店,药店,2026-04-08,22,93,4
药店-桐君阁启航店,药店,2026-04-08,23,0,0
药店-桐君阁启航店,药店,2026-04-09,0,9,0
药店-桐君阁启航店,药店,2026-04-09,1,20,0
药店-桐君阁启航店,药店,2026-04-09,2,12,0
药店-桐君阁启航店,药店,2026-04-09,3,7,0
药店-桐君阁启航店,药店,2026-04-09,4,12,0
药店-桐君阁启航店,药店,2026-04-09,5,40,0
药店-桐君阁启航店,药店,2026-04-09,6,189,0
药店-桐君阁启航店,药店,2026-04-09,7,762,4
药店-桐君阁启航店,药店,2026-04-09,8,718,7
药店-桐君阁启航店,药店,2026-04-09,9,621,10
药店-桐君阁启航店,药店,2026-04-09,10,423,5
药店-桐君阁启航店,药店,2026-04-09,11,287,5
药店-桐君阁启航店,药店,2026-04-09,12,232,3
药店-桐君阁启航店,药店,2026-04-09,13,183,7
药店-桐君阁启航店,药店,2026-04-09,14,229,4
药店-桐君阁启航店,药店,2026-04-09,15,287,5
药店-桐君阁启航店,药店,2026-04-09,16,591,4
药店-桐君阁启航店,药店,2026-04-09,17,678,8
药店-桐君阁启航店,药店,2026-04-09,18,621,8
药店-桐君阁启航店,药店,2026-04-09,19,576,2
药店-桐君阁启航店,药店,2026-04-09,20,586,9
药店-桐君阁启航店,药店,2026-04-09,21,275,6
药店-桐君阁启航店,药店,2026-04-09,22,118,0
药店-桐君阁启航店,药店,2026-04-09,23,0,0
药店-桐君阁启航店,药店,2026-04-10,0,20,0
药店-桐君阁启航店,药店,2026-04-10,1,17,0
药店-桐君阁启航店,药店,2026-04-10,2,22,0
药店-桐君阁启航店,药店,2026-04-10,3,6,0
药店-桐君阁启航店,药店,2026-04-10,4,6,0
药店-桐君阁启航店,药店,2026-04-10,5,35,0
药店-桐君阁启航店,药店,2026-04-10,6,178,0
药店-桐君阁启航店,药店,2026-04-10,7,780,1
药店-桐君阁启航店,药店,2026-04-10,8,724,7
药店-桐君阁启航店,药店,2026-04-10,9,631,5
药店-桐君阁启航店,药店,2026-04-10,10,394,7
药店-桐君阁启航店,药店,2026-04-10,11,316,3
药店-桐君阁启航店,药店,2026-04-10,12,232,4
药店-桐君阁启航店,药店,2026-04-10,13,185,2
药店-桐君阁启航店,药店,2026-04-10,14,218,1
药店-桐君阁启航店,药店,2026-04-10,15,1570,6
药店-桐君阁启航店,药店,2026-04-10,16,1119,1
药店-桐君阁启航店,药店,2026-04-10,17,756,5
药店-桐君阁启航店,药店,2026-04-10,18,510,6
药店-桐君阁启航店,药店,2026-04-10,19,300,6
药店-桐君阁启航店,药店,2026-04-10,20,315,7
药店-桐君阁启航店,药店,2026-04-10,21,216,4
药店-桐君阁启航店,药店,2026-04-10,22,117,0
药店-桐君阁启航店,药店,2026-04-10,23,0,0
药店-桐君阁启航店,药店,2026-04-11,0,35,0
药店-桐君阁启航店,药店,2026-04-11,1,26,0
药店-桐君阁启航店,药店,2026-04-11,2,13,0
药店-桐君阁启航店,药店,2026-04-11,3,8,0
药店-桐君阁启航店,药店,2026-04-11,4,6,0
药店-桐君阁启航店,药店,2026-04-11,5,18,0
药店-桐君阁启航店,药店,2026-04-11,6,93,0
药店-桐君阁启航店,药店,2026-04-11,7,343,0
药店-桐君阁启航店,药店,2026-04-11,8,808,2
药店-桐君阁启航店,药店,2026-04-11,9,764,6
药店-桐君阁启航店,药店,2026-04-11,10,708,19
药店-桐君阁启航店,药店,2026-04-11,11,1024,10
药店-桐君阁启航店,药店,2026-04-11,12,599,4
药店-桐君阁启航店,药店,2026-04-11,13,684,0
药店-桐君阁启航店,药店,2026-04-11,14,509,0
药店-桐君阁启航店,药店,2026-04-11,15,505,7
药店-桐君阁启航店,药店,2026-04-11,16,854,6
药店-桐君阁启航店,药店,2026-04-11,17,694,7
药店-桐君阁启航店,药店,2026-04-11,18,560,7
药店-桐君阁启航店,药店,2026-04-11,19,560,13
药店-桐君阁启航店,药店,2026-04-11,20,382,3
药店-桐君阁启航店,药店,2026-04-11,21,220,5
药店-桐君阁启航店,药店,2026-04-11,22,141,2
药店-桐君阁启航店,药店,2026-04-11,23,0,0
药店-桐君阁启航店,药店,2026-04-12,0,51,0
药店-桐君阁启航店,药店,2026-04-12,1,27,0
药店-桐君阁启航店,药店,2026-04-12,2,22,0
药店-桐君阁启航店,药店,2026-04-12,3,12,0
药店-桐君阁启航店,药店,2026-04-12,4,3,0
药店-桐君阁启航店,药店,2026-04-12,5,33,0
药店-桐君阁启航店,药店,2026-04-12,6,106,0
药店-桐君阁启航店,药店,2026-04-12,7,332,1
药店-桐君阁启航店,药店,2026-04-12,8,739,5
药店-桐君阁启航店,药店,2026-04-12,9,799,7
药店-桐君阁启航店,药店,2026-04-12,10,742,5
药店-桐君阁启航店,药店,2026-04-12,11,745,5
药店-桐君阁启航店,药店,2026-04-12,12,425,3
药店-桐君阁启航店,药店,2026-04-12,13,524,1
药店-桐君阁启航店,药店,2026-04-12,14,500,8
药店-桐君阁启航店,药店,2026-04-12,15,580,3
药店-桐君阁启航店,药店,2026-04-12,16,1068,7
药店-桐君阁启航店,药店,2026-04-12,17,1286,6
药店-桐君阁启航店,药店,2026-04-12,18,651,6
药店-桐君阁启航店,药店,2026-04-12,19,643,13
药店-桐君阁启航店,药店,2026-04-12,20,629,7
药店-桐君阁启航店,药店,2026-04-12,21,229,6
药店-桐君阁启航店,药店,2026-04-12,22,99,0
药店-桐君阁启航店,药店,2026-04-12,23,0,0
药店-桐君阁启航店,药店,2026-04-13,0,31,0
药店-桐君阁启航店,药店,2026-04-13,1,11,0
药店-桐君阁启航店,药店,2026-04-13,2,15,0
药店-桐君阁启航店,药店,2026-04-13,3,2,0
药店-桐君阁启航店,药店,2026-04-13,4,6,0
药店-桐君阁启航店,药店,2026-04-13,5,40,0
药店-桐君阁启航店,药店,2026-04-13,6,154,0
药店-桐君阁启航店,药店,2026-04-13,7,612,1
药店-桐君阁启航店,药店,2026-04-13,8,547,5
药店-桐君阁启航店,药店,2026-04-13,9,415,9
药店-桐君阁启航店,药店,2026-04-13,10,327,1
药店-桐君阁启航店,药店,2026-04-13,11,298,4
药店-桐君阁启航店,药店,2026-04-13,12,188,3
药店-桐君阁启航店,药店,2026-04-13,13,214,4
药店-桐君阁启航店,药店,2026-04-13,14,256,3
药店-桐君阁启航店,药店,2026-04-13,15,377,3
药店-桐君阁启航店,药店,2026-04-13,16,559,7
药店-桐君阁启航店,药店,2026-04-13,17,665,1
药店-桐君阁启航店,药店,2026-04-13,18,641,12
药店-桐君阁启航店,药店,2026-04-13,19,574,9
药店-桐君阁启航店,药店,2026-04-13,20,576,1
药店-桐君阁启航店,药店,2026-04-13,21,183,2
药店-桐君阁启航店,药店,2026-04-13,22,116,3
药店-桐君阁启航店,药店,2026-04-13,23,0,0
药店-桐君阁启航店,药店,2026-04-14,0,24,0
药店-桐君阁启航店,药店,2026-04-14,1,15,0
药店-桐君阁启航店,药店,2026-04-14,2,15,0
药店-桐君阁启航店,药店,2026-04-14,3,3,0
药店-桐君阁启航店,药店,2026-04-14,4,5,0
药店-桐君阁启航店,药店,2026-04-14,5,0,0
药店-桐君阁启航店,药店,2026-04-14,6,165,0
药店-桐君阁启航店,药店,2026-04-14,7,601,1
药店-桐君阁启航店,药店,2026-04-14,8,505,1
药店-桐君阁启航店,药店,2026-04-14,9,389,7
药店-桐君阁启航店,药店,2026-04-14,10,410,12
药店-桐君阁启航店,药店,2026-04-14,11,271,6
药店-桐君阁启航店,药店,2026-04-14,12,218,2
药店-桐君阁启航店,药店,2026-04-14,13,237,7
药店-桐君阁启航店,药店,2026-04-14,14,265,5
药店-桐君阁启航店,药店,2026-04-14,15,374,12
药店-桐君阁启航店,药店,2026-04-14,16,649,5
药店-桐君阁启航店,药店,2026-04-14,17,592,3
药店-桐君阁启航店,药店,2026-04-14,18,623,4
药店-桐君阁启航店,药店,2026-04-14,19,573,10
药店-桐君阁启航店,药店,2026-04-14,20,568,8
药店-桐君阁启航店,药店,2026-04-14,21,216,6
药店-桐君阁启航店,药店,2026-04-14,22,74,0
药店-桐君阁启航店,药店,2026-04-14,23,0,0
药店-桐君阁启航店,药店,2026-04-15,0,23,0
药店-桐君阁启航店,药店,2026-04-15,1,18,0
药店-桐君阁启航店,药店,2026-04-15,2,11,0
药店-桐君阁启航店,药店,2026-04-15,3,7,0
药店-桐君阁启航店,药店,2026-04-15,4,7,0
药店-桐君阁启航店,药店,2026-04-15,5,30,0
药店-桐君阁启航店,药店,2026-04-15,6,144,0
药店-桐君阁启航店,药店,2026-04-15,7,712,0
药店-桐君阁启航店,药店,2026-04-15,8,735,5
药店-桐君阁启航店,药店,2026-04-15,9,533,7
药店-桐君阁启航店,药店,2026-04-15,10,428,3
药店-桐君阁启航店,药店,2026-04-15,11,274,7
药店-桐君阁启航店,药店,2026-04-15,12,263,2
药店-桐君阁启航店,药店,2026-04-15,13,242,6
药店-桐君阁启航店,药店,2026-04-15,14,272,6
药店-桐君阁启航店,药店,2026-04-15,15,329,4
药店-桐君阁启航店,药店,2026-04-15,16,589,8
药店-桐君阁启航店,药店,2026-04-15,17,628,2
药店-桐君阁启航店,药店,2026-04-15,18,697,12
药店-桐君阁启航店,药店,2026-04-15,19,641,12
药店-桐君阁启航店,药店,2026-04-15,20,558,10
药店-桐君阁启航店,药店,2026-04-15,21,230,3
药店-桐君阁启航店,药店,2026-04-15,22,91,1
药店-桐君阁启航店,药店,2026-04-15,23,0,0
药店-桐君阁启航店,药店,2026-04-16,0,52,0
药店-桐君阁启航店,药店,2026-04-16,1,13,0
药店-桐君阁启航店,药店,2026-04-16,2,21,0
药店-桐君阁启航店,药店,2026-04-16,3,13,0
药店-桐君阁启航店,药店,2026-04-16,4,28,0
药店-桐君阁启航店,药店,2026-04-16,5,42,0
药店-桐君阁启航店,药店,2026-04-16,6,180,0
药店-桐君阁启航店,药店,2026-04-16,7,781,0
药店-桐君阁启航店,药店,2026-04-16,8,777,5
药店-桐君阁启航店,药店,2026-04-16,9,673,10
药店-桐君阁启航店,药店,2026-04-16,10,420,4
药店-桐君阁启航店,药店,2026-04-16,11,358,2
药店-桐君阁启航店,药店,2026-04-16,12,285,2
药店-桐君阁启航店,药店,2026-04-16,13,193,1
药店-桐君阁启航店,药店,2026-04-16,14,181,1
药店-桐君阁启航店,药店,2026-04-16,15,339,5
药店-桐君阁启航店,药店,2026-04-16,16,461,2
药店-桐君阁启航店,药店,2026-04-16,17,709,10
药店-桐君阁启航店,药店,2026-04-16,18,712,6
药店-桐君阁启航店,药店,2026-04-16,19,546,4
药店-桐君阁启航店,药店,2026-04-16,20,765,4
药店-桐君阁启航店,药店,2026-04-16,21,265,4
药店-桐君阁启航店,药店,2026-04-16,22,181,0
药店-桐君阁启航店,药店,2026-04-16,23,0,0
药店-桐君阁启航店,药店,2026-04-17,0,18,0
药店-桐君阁启航店,药店,2026-04-17,1,21,0
药店-桐君阁启航店,药店,2026-04-17,2,21,0
药店-桐君阁启航店,药店,2026-04-17,3,8,0
药店-桐君阁启航店,药店,2026-04-17,4,9,0
药店-桐君阁启航店,药店,2026-04-17,5,30,0
药店-桐君阁启航店,药店,2026-04-17,6,182,0
药店-桐君阁启航店,药店,2026-04-17,7,788,2
药店-桐君阁启航店,药店,2026-04-17,8,742,8
药店-桐君阁启航店,药店,2026-04-17,9,602,5
药店-桐君阁启航店,药店,2026-04-17,10,425,9
药店-桐君阁启航店,药店,2026-04-17,11,316,4
药店-桐君阁启航店,药店,2026-04-17,12,234,2
药店-桐君阁启航店,药店,2026-04-17,13,239,3
药店-桐君阁启航店,药店,2026-04-17,14,228,1
药店-桐君阁启航店,药店,2026-04-17,15,1735,2
药店-桐君阁启航店,药店,2026-04-17,16,860,4
药店-桐君阁启航店,药店,2026-04-17,17,681,7
药店-桐君阁启航店,药店,2026-04-17,18,657,10
药店-桐君阁启航店,药店,2026-04-17,19,587,5
药店-桐君阁启航店,药店,2026-04-17,20,433,10
药店-桐君阁启航店,药店,2026-04-17,21,247,3
药店-桐君阁启航店,药店,2026-04-17,22,150,0
药店-桐君阁启航店,药店,2026-04-17,23,0,0
药店-桐君阁启航店,药店,2026-04-18,0,34,0
药店-桐君阁启航店,药店,2026-04-18,1,26,0
药店-桐君阁启航店,药店,2026-04-18,2,18,0
药店-桐君阁启航店,药店,2026-04-18,3,20,0
药店-桐君阁启航店,药店,2026-04-18,4,17,0
药店-桐君阁启航店,药店,2026-04-18,5,34,0
药店-桐君阁启航店,药店,2026-04-18,6,168,0
药店-桐君阁启航店,药店,2026-04-18,7,456,2
药店-桐君阁启航店,药店,2026-04-18,8,730,9
药店-桐君阁启航店,药店,2026-04-18,9,711,15
药店-桐君阁启航店,药店,2026-04-18,10,625,4
药店-桐君阁启航店,药店,2026-04-18,11,468,6
药店-桐君阁启航店,药店,2026-04-18,12,494,5
药店-桐君阁启航店,药店,2026-04-18,13,387,4
药店-桐君阁启航店,药店,2026-04-18,14,342,2
药店-桐君阁启航店,药店,2026-04-18,15,362,2
药店-桐君阁启航店,药店,2026-04-18,16,484,3
药店-桐君阁启航店,药店,2026-04-18,17,626,2
药店-桐君阁启航店,药店,2026-04-18,18,578,6
药店-桐君阁启航店,药店,2026-04-18,19,696,11
药店-桐君阁启航店,药店,2026-04-18,20,500,8
药店-桐君阁启航店,药店,2026-04-18,21,290,2
药店-桐君阁启航店,药店,2026-04-18,22,173,2
药店-桐君阁启航店,药店,2026-04-18,23,0,0
药店-桐君阁启航店,药店,2026-04-19,0,30,0
药店-桐君阁启航店,药店,2026-04-19,1,25,0
药店-桐君阁启航店,药店,2026-04-19,2,19,0
药店-桐君阁启航店,药店,2026-04-19,3,7,0
药店-桐君阁启航店,药店,2026-04-19,4,9,0
药店-桐君阁启航店,药店,2026-04-19,5,29,0
药店-桐君阁启航店,药店,2026-04-19,6,138,0
药店-桐君阁启航店,药店,2026-04-19,7,349,0
药店-桐君阁启航店,药店,2026-04-19,8,751,9
药店-桐君阁启航店,药店,2026-04-19,9,857,11
药店-桐君阁启航店,药店,2026-04-19,10,704,5
药店-桐君阁启航店,药店,2026-04-19,11,450,4
药店-桐君阁启航店,药店,2026-04-19,12,407,8
药店-桐君阁启航店,药店,2026-04-19,13,348,5
药店-桐君阁启航店,药店,2026-04-19,14,359,1
药店-桐君阁启航店,药店,2026-04-19,15,679,10
药店-桐君阁启航店,药店,2026-04-19,16,854,5
药店-桐君阁启航店,药店,2026-04-19,17,1245,1
药店-桐君阁启航店,药店,2026-04-19,18,616,2
药店-桐君阁启航店,药店,2026-04-19,19,683,10
药店-桐君阁启航店,药店,2026-04-19,20,612,15
药店-桐君阁启航店,药店,2026-04-19,21,123,1
药店-桐君阁启航店,药店,2026-04-19,22,21,0
药店-桐君阁启航店,药店,2026-04-19,23,0,0
药店-桐君阁启航店,药店,2026-04-20,0,9,0
药店-桐君阁启航店,药店,2026-04-20,1,4,0
药店-桐君阁启航店,药店,2026-04-20,2,9,0
药店-桐君阁启航店,药店,2026-04-20,3,2,0
药店-桐君阁启航店,药店,2026-04-20,4,11,0
药店-桐君阁启航店,药店,2026-04-20,5,46,0
药店-桐君阁启航店,药店,2026-04-20,6,161,0
药店-桐君阁启航店,药店,2026-04-20,7,762,0
药店-桐君阁启航店,药店,2026-04-20,8,728,3
药店-桐君阁启航店,药店,2026-04-20,9,515,7
药店-桐君阁启航店,药店,2026-04-20,10,412,8
药店-桐君阁启航店,药店,2026-04-20,11,308,6
药店-桐君阁启航店,药店,2026-04-20,12,238,1
药店-桐君阁启航店,药店,2026-04-20,13,239,7
药店-桐君阁启航店,药店,2026-04-20,14,248,6
药店-桐君阁启航店,药店,2026-04-20,15,301,8
药店-桐君阁启航店,药店,2026-04-20,16,619,7
药店-桐君阁启航店,药店,2026-04-20,17,584,8
药店-桐君阁启航店,药店,2026-04-20,18,689,11
药店-桐君阁启航店,药店,2026-04-20,19,619,4
药店-桐君阁启航店,药店,2026-04-20,20,523,10
药店-桐君阁启航店,药店,2026-04-20,21,221,2
药店-桐君阁启航店,药店,2026-04-20,22,84,1
药店-桐君阁启航店,药店,2026-04-20,23,0,0
药店-桐君阁启航店,药店,2026-04-21,0,17,0
药店-桐君阁启航店,药店,2026-04-21,1,5,0
药店-桐君阁启航店,药店,2026-04-21,2,10,0
药店-桐君阁启航店,药店,2026-04-21,3,10,0
药店-桐君阁启航店,药店,2026-04-21,4,8,0
药店-桐君阁启航店,药店,2026-04-21,5,34,0
药店-桐君阁启航店,药店,2026-04-21,6,158,0
药店-桐君阁启航店,药店,2026-04-21,7,664,1
药店-桐君阁启航店,药店,2026-04-21,8,404,10
药店-桐君阁启航店,药店,2026-04-21,9,474,26
药店-桐君阁启航店,药店,2026-04-21,10,428,20
药店-桐君阁启航店,药店,2026-04-21,11,294,4
药店-桐君阁启航店,药店,2026-04-21,12,214,3
药店-桐君阁启航店,药店,2026-04-21,13,228,6
药店-桐君阁启航店,药店,2026-04-21,14,273,8
药店-桐君阁启航店,药店,2026-04-21,15,348,4
药店-桐君阁启航店,药店,2026-04-21,16,665,9
药店-桐君阁启航店,药店,2026-04-21,17,703,5
药店-桐君阁启航店,药店,2026-04-21,18,626,13
药店-桐君阁启航店,药店,2026-04-21,19,623,6
药店-桐君阁启航店,药店,2026-04-21,20,522,7
药店-桐君阁启航店,药店,2026-04-21,21,245,3
药店-桐君阁启航店,药店,2026-04-21,22,79,3
药店-桐君阁启航店,药店,2026-04-21,23,0,0
药店-桐君阁启航店,药店,2026-04-22,0,17,0
药店-桐君阁启航店,药店,2026-04-22,1,8,0
药店-桐君阁启航店,药店,2026-04-22,2,2,0
药店-桐君阁启航店,药店,2026-04-22,3,5,0
药店-桐君阁启航店,药店,2026-04-22,4,7,0
药店-桐君阁启航店,药店,2026-04-22,5,29,0
药店-桐君阁启航店,药店,2026-04-22,6,164,0
药店-桐君阁启航店,药店,2026-04-22,7,757,0
药店-桐君阁启航店,药店,2026-04-22,8,759,7
药店-桐君阁启航店,药店,2026-04-22,9,594,8
药店-桐君阁启航店,药店,2026-04-22,10,444,7
药店-桐君阁启航店,药店,2026-04-22,11,333,6
药店-桐君阁启航店,药店,2026-04-22,12,308,4
药店-桐君阁启航店,药店,2026-04-22,13,276,2
药店-桐君阁启航店,药店,2026-04-22,14,265,6
药店-桐君阁启航店,药店,2026-04-22,15,330,6
药店-桐君阁启航店,药店,2026-04-22,16,615,3
药店-桐君阁启航店,药店,2026-04-22,17,703,7
药店-桐君阁启航店,药店,2026-04-22,18,661,5
药店-桐君阁启航店,药店,2026-04-22,19,603,8
药店-桐君阁启航店,药店,2026-04-22,20,536,7
药店-桐君阁启航店,药店,2026-04-22,21,246,9
药店-桐君阁启航店,药店,2026-04-22,22,98,0
药店-桐君阁启航店,药店,2026-04-22,23,0,0
药店-桐君阁启航店,药店,2026-04-23,0,11,0
药店-桐君阁启航店,药店,2026-04-23,1,41,0
药店-桐君阁启航店,药店,2026-04-23,2,17,0
药店-桐君阁启航店,药店,2026-04-23,3,10,0
药店-桐君阁启航店,药店,2026-04-23,4,9,0
药店-桐君阁启航店,药店,2026-04-23,5,37,0
药店-桐君阁启航店,药店,2026-04-23,6,184,0
药店-桐君阁启航店,药店,2026-04-23,7,850,3
药店-桐君阁启航店,药店,2026-04-23,8,800,7
药店-桐君阁启航店,药店,2026-04-23,9,620,6
药店-桐君阁启航店,药店,2026-04-23,10,441,8
药店-桐君阁启航店,药店,2026-04-23,11,316,4
药店-桐君阁启航店,药店,2026-04-23,12,273,4
药店-桐君阁启航店,药店,2026-04-23,13,195,0
药店-桐君阁启航店,药店,2026-04-23,14,215,2
药店-桐君阁启航店,药店,2026-04-23,15,307,5
药店-桐君阁启航店,药店,2026-04-23,16,552,7
药店-桐君阁启航店,药店,2026-04-23,17,702,8
药店-桐君阁启航店,药店,2026-04-23,18,665,6
药店-桐君阁启航店,药店,2026-04-23,19,675,6
药店-桐君阁启航店,药店,2026-04-23,20,632,8
药店-桐君阁启航店,药店,2026-04-23,21,247,3
药店-桐君阁启航店,药店,2026-04-23,22,98,0
药店-桐君阁启航店,药店,2026-04-23,23,0,0
药店-桐君阁启航店,药店,2026-04-24,0,0,0
药店-桐君阁启航店,药店,2026-04-24,1,12,0
药店-桐君阁启航店,药店,2026-04-24,2,18,0
药店-桐君阁启航店,药店,2026-04-24,3,13,0
药店-桐君阁启航店,药店,2026-04-24,4,14,0
药店-桐君阁启航店,药店,2026-04-24,5,28,0
药店-桐君阁启航店,药店,2026-04-24,6,144,0
药店-桐君阁启航店,药店,2026-04-24,7,759,0
药店-桐君阁启航店,药店,2026-04-24,8,726,4
药店-桐君阁启航店,药店,2026-04-24,9,584,3
药店-桐君阁启航店,药店,2026-04-24,10,411,3
药店-桐君阁启航店,药店,2026-04-24,11,301,4
药店-桐君阁启航店,药店,2026-04-24,12,250,3
药店-桐君阁启航店,药店,2026-04-24,13,228,6
药店-桐君阁启航店,药店,2026-04-24,14,226,3
药店-桐君阁启航店,药店,2026-04-24,15,1645,1
药店-桐君阁启航店,药店,2026-04-24,16,1026,5
药店-桐君阁启航店,药店,2026-04-24,17,879,11
药店-桐君阁启航店,药店,2026-04-24,18,763,6
药店-桐君阁启航店,药店,2026-04-24,19,623,5
药店-桐君阁启航店,药店,2026-04-24,20,488,10
药店-桐君阁启航店,药店,2026-04-24,21,269,6
药店-桐君阁启航店,药店,2026-04-24,22,124,1
药店-桐君阁启航店,药店,2026-04-24,23,0,0
药店-桐君阁启航店,药店,2026-04-25,0,35,0
药店-桐君阁启航店,药店,2026-04-25,1,34,0
药店-桐君阁启航店,药店,2026-04-25,2,10,0
药店-桐君阁启航店,药店,2026-04-25,3,14,0
药店-桐君阁启航店,药店,2026-04-25,4,11,0
药店-桐君阁启航店,药店,2026-04-25,5,28,0
药店-桐君阁启航店,药店,2026-04-25,6,138,0
药店-桐君阁启航店,药店,2026-04-25,7,433,1
药店-桐君阁启航店,药店,2026-04-25,8,783,12
药店-桐君阁启航店,药店,2026-04-25,9,714,9
药店-桐君阁启航店,药店,2026-04-25,10,632,6
药店-桐君阁启航店,药店,2026-04-25,11,432,9
药店-桐君阁启航店,药店,2026-04-25,12,479,3
药店-桐君阁启航店,药店,2026-04-25,13,341,4
药店-桐君阁启航店,药店,2026-04-25,14,360,5
药店-桐君阁启航店,药店,2026-04-25,15,429,7
药店-桐君阁启航店,药店,2026-04-25,16,483,7
药店-桐君阁启航店,药店,2026-04-25,17,612,4
药店-桐君阁启航店,药店,2026-04-25,18,690,10
药店-桐君阁启航店,药店,2026-04-25,19,577,3
药店-桐君阁启航店,药店,2026-04-25,20,470,8
药店-桐君阁启航店,药店,2026-04-25,21,271,4
药店-桐君阁启航店,药店,2026-04-25,22,154,0
药店-桐君阁启航店,药店,2026-04-25,23,0,0
药店-桐君阁启航店,药店,2026-04-27,0,38,0
药店-桐君阁启航店,药店,2026-04-27,1,12,0
药店-桐君阁启航店,药店,2026-04-27,2,17,0
药店-桐君阁启航店,药店,2026-04-27,3,6,0
药店-桐君阁启航店,药店,2026-04-27,4,12,0
药店-桐君阁启航店,药店,2026-04-27,5,33,0
药店-桐君阁启航店,药店,2026-04-27,6,128,0
药店-桐君阁启航店,药店,2026-04-27,7,639,1
药店-桐君阁启航店,药店,2026-04-27,8,596,7
药店-桐君阁启航店,药店,2026-04-27,9,408,5
药店-桐君阁启航店,药店,2026-04-27,10,285,1
药店-桐君阁启航店,药店,2026-04-27,11,266,2
药店-桐君阁启航店,药店,2026-04-27,12,176,3
药店-桐君阁启航店,药店,2026-04-27,13,159,1
药店-桐君阁启航店,药店,2026-04-27,14,174,1
药店-桐君阁启航店,药店,2026-04-27,15,202,3
药店-桐君阁启航店,药店,2026-04-27,16,468,7
药店-桐君阁启航店,药店,2026-04-27,17,495,5
药店-桐君阁启航店,药店,2026-04-27,18,410,5
药店-桐君阁启航店,药店,2026-04-27,19,381,1
药店-桐君阁启航店,药店,2026-04-27,20,351,8
药店-桐君阁启航店,药店,2026-04-27,21,182,0
药店-桐君阁启航店,药店,2026-04-27,22,72,0
药店-桐君阁启航店,药店,2026-04-27,23,0,0
药店-桐君阁启航店,药店,2026-04-28,0,17,0
药店-桐君阁启航店,药店,2026-04-28,1,18,0
药店-桐君阁启航店,药店,2026-04-28,2,16,0
药店-桐君阁启航店,药店,2026-04-28,3,9,0
药店-桐君阁启航店,药店,2026-04-28,4,10,0
药店-桐君阁启航店,药店,2026-04-28,5,29,0
药店-桐君阁启航店,药店,2026-04-28,6,127,0
药店-桐君阁启航店,药店,2026-04-28,7,709,3
药店-桐君阁启航店,药店,2026-04-28,8,608,3
药店-桐君阁启航店,药店,2026-04-28,9,353,6
药店-桐君阁启航店,药店,2026-04-28,10,241,4
药店-桐君阁启航店,药店,2026-04-28,11,169,3
药店-桐君阁启航店,药店,2026-04-28,12,154,1
药店-桐君阁启航店,药店,2026-04-28,13,134,3
药店-桐君阁启航店,药店,2026-04-28,14,135,4
药店-桐君阁启航店,药店,2026-04-28,15,172,3
药店-桐君阁启航店,药店,2026-04-28,16,357,2
药店-桐君阁启航店,药店,2026-04-28,17,383,2
药店-桐君阁启航店,药店,2026-04-28,18,426,8
药店-桐君阁启航店,药店,2026-04-28,19,240,5
药店-桐君阁启航店,药店,2026-04-28,20,253,2
药店-桐君阁启航店,药店,2026-04-28,21,120,2
药店-桐君阁启航店,药店,2026-04-28,22,36,1
药店-桐君阁启航店,药店,2026-04-28,23,0,0
药店-桐君阁启航店,药店,2026-04-29,0,13,0
药店-桐君阁启航店,药店,2026-04-29,1,5,0
药店-桐君阁启航店,药店,2026-04-29,2,2,0
药店-桐君阁启航店,药店,2026-04-29,3,6,0
药店-桐君阁启航店,药店,2026-04-29,4,9,0
药店-桐君阁启航店,药店,2026-04-29,5,37,0
药店-桐君阁启航店,药店,2026-04-29,6,155,0
药店-桐君阁启航店,药店,2026-04-29,7,728,2
药店-桐君阁启航店,药店,2026-04-29,8,597,9
药店-桐君阁启航店,药店,2026-04-29,9,589,8
药店-桐君阁启航店,药店,2026-04-29,10,489,6
药店-桐君阁启航店,药店,2026-04-29,11,393,10
药店-桐君阁启航店,药店,2026-04-29,12,287,4
药店-桐君阁启航店,药店,2026-04-29,13,241,3
药店-桐君阁启航店,药店,2026-04-29,14,230,7
药店-桐君阁启航店,药店,2026-04-29,15,302,3
药店-桐君阁启航店,药店,2026-04-29,16,674,7
药店-桐君阁启航店,药店,2026-04-29,17,687,4
药店-桐君阁启航店,药店,2026-04-29,18,659,6
药店-桐君阁启航店,药店,2026-04-29,19,567,9
药店-桐君阁启航店,药店,2026-04-29,20,576,7
药店-桐君阁启航店,药店,2026-04-29,21,246,7
药店-桐君阁启航店,药店,2026-04-29,22,122,1
药店-桐君阁启航店,药店,2026-04-29,23,89,0
药店-桐君阁启航店,药店,2026-04-30,0,26,0
药店-桐君阁启航店,药店,2026-04-30,1,25,0
药店-桐君阁启航店,药店,2026-04-30,2,15,0
药店-桐君阁启航店,药店,2026-04-30,3,9,0
药店-桐君阁启航店,药店,2026-04-30,4,11,0
药店-桐君阁启航店,药店,2026-04-30,5,34,0
药店-桐君阁启航店,药店,2026-04-30,6,196,0
药店-桐君阁启航店,药店,2026-04-30,7,836,0
药店-桐君阁启航店,药店,2026-04-30,8,754,3
药店-桐君阁启航店,药店,2026-04-30,9,651,7
药店-桐君阁启航店,药店,2026-04-30,10,468,6
药店-桐君阁启航店,药店,2026-04-30,11,338,3
药店-桐君阁启航店,药店,2026-04-30,12,298,8
药店-桐君阁启航店,药店,2026-04-30,13,277,5
药店-桐君阁启航店,药店,2026-04-30,14,256,4
药店-桐君阁启航店,药店,2026-04-30,15,1747,7
药店-桐君阁启航店,药店,2026-04-30,16,896,3
药店-桐君阁启航店,药店,2026-04-30,17,747,6
药店-桐君阁启航店,药店,2026-04-30,18,795,8
药店-桐君阁启航店,药店,2026-04-30,19,631,12
药店-桐君阁启航店,药店,2026-04-30,20,500,9
药店-桐君阁启航店,药店,2026-04-30,21,279,7
药店-桐君阁启航店,药店,2026-04-30,22,165,0
药店-桐君阁启航店,药店,2026-04-30,23,0,0
